36.8,194,37.823,43.468,0,0,413,999.121,999.111,999.224,999.212,1,20210409,8505080001,èØì‡êÏêÖån,èØì‡êÏ    
0,-35.288,44.24,,,,,,,,,,,,,
0,-1.803,44.24,,,,,,,,,,,,,
0,-0.115,41.311,,,,,,,,,,,,,
2,0,39.79,,,,,,,,,,,,,
2,0,39.79,,,,,,,,,,,,,
1,0,37.808,,,,,,,,,,,,,
0,0.019,37.193,,,,,,,,,,,,,
0,0.079,39.103,,,,,,,,,,,,,
0,1.113,36.238,,,,,,,,,,,,,
0,1.272,36.186,,,,,,,,,,,,,
0,1.442,36.107,,,,,,,,,,,,,
0,1.644,36.028,,,,,,,,,,,,,
0,1.85,35.986,,,,,,,,,,,,,
0,2.095,35.898,,,,,,,,,,,,,
0,3.018,35.542,,,,,,,,,,,,,
0,3.104,35.51,,,,,,,,,,,,,
0,3.115,35.506,,,,,,,,,,,,,
0,3.12,35.505,,,,,,,,,,,,,
0,3.129,35.503,,,,,,,,,,,,,
0,3.29,35.423,,,,,,,,,,,,,
0,3.468,35.412,,,,,,,,,,,,,
0,3.478,35.412,,,,,,,,,,,,,
0,3.517,35.415,,,,,,,,,,,,,
0,4.113,35.429,,,,,,,,,,,,,
0,4.339,35.383,,,,,,,,,,,,,
0,4.523,35.396,,,,,,,,,,,,,
0,4.552,35.359,,,,,,,,,,,,,
0,4.769,35.295,,,,,,,,,,,,,
0,4.986,35.109,,,,,,,,,,,,,
0,5.04,35.068,,,,,,,,,,,,,
0,5.104,35.032,,,,,,,,,,,,,
0,5.237,34.985,,,,,,,,,,,,,
0,5.274,35.024,,,,,,,,,,,,,
0,5.397,35.059,,,,,,,,,,,,,
0,5.511,35.125,,,,,,,,,,,,,
0,5.573,35.121,,,,,,,,,,,,,
0,5.641,35.2,,,,,,,,,,,,,
0,5.772,35.286,,,,,,,,,,,,,
0,5.983,35.363,,,,,,,,,,,,,
0,6.034,35.37,,,,,,,,,,,,,
0,6.092,35.388,,,,,,,,,,,,,
0,6.35,35.406,,,,,,,,,,,,,
0,6.362,35.406,,,,,,,,,,,,,
0,6.38,35.42,,,,,,,,,,,,,
0,6.394,35.423,,,,,,,,,,,,,
0,6.555,35.506,,,,,,,,,,,,,
0,6.691,35.579,,,,,,,,,,,,,
0,6.699,35.574,,,,,,,,,,,,,
0,6.708,35.579,,,,,,,,,,,,,
0,6.92,35.52,,,,,,,,,,,,,
0,6.941,35.513,,,,,,,,,,,,,
0,7.031,35.484,,,,,,,,,,,,,
0,7.099,35.475,,,,,,,,,,,,,
0,7.257,35.534,,,,,,,,,,,,,
0,7.474,35.477,,,,,,,,,,,,,
0,7.603,35.452,,,,,,,,,,,,,
0,7.75,35.236,,,,,,,,,,,,,
0,7.826,35.202,,,,,,,,,,,,,
0,7.866,35.158,,,,,,,,,,,,,
0,7.882,35.16,,,,,,,,,,,,,
0,8.069,34.929,,,,,,,,,,,,,
0,8.101,34.903,,,,,,,,,,,,,
0,8.231,34.795,,,,,,,,,,,,,
0,8.357,34.545,,,,,,,,,,,,,
0,8.623,34.557,,,,,,,,,,,,,
0,8.653,34.564,,,,,,,,,,,,,
0,8.712,34.54,,,,,,,,,,,,,
0,8.834,34.481,,,,,,,,,,,,,
0,8.871,34.463,,,,,,,,,,,,,
0,8.993,34.441,,,,,,,,,,,,,
0,9.175,34.425,,,,,,,,,,,,,
0,9.307,34.29,,,,,,,,,,,,,
0,9.515,34.281,,,,,,,,,,,,,
0,9.741,34.306,,,,,,,,,,,,,
0,9.879,34.348,,,,,,,,,,,,,
0,10.016,34.396,,,,,,,,,,,,,
0,10.342,34.691,,,,,,,,,,,,,
0,10.63,35.045,,,,,,,,,,,,,
0,10.765,35.016,,,,,,,,,,,,,
0,10.824,34.962,,,,,,,,,,,,,
0,10.96,34.844,,,,,,,,,,,,,
0,10.971,34.838,,,,,,,,,,,,,
0,10.994,34.84,,,,,,,,,,,,,
0,11.235,34.862,,,,,,,,,,,,,
0,11.28,34.819,,,,,,,,,,,,,
0,11.402,34.664,,,,,,,,,,,,,
0,11.406,34.661,,,,,,,,,,,,,
0,11.574,34.648,,,,,,,,,,,,,
0,11.788,34.531,,,,,,,,,,,,,
0,11.886,34.502,,,,,,,,,,,,,
0,12.163,34.478,,,,,,,,,,,,,
0,12.183,34.478,,,,,,,,,,,,,
0,12.188,34.477,,,,,,,,,,,,,
0,12.438,34.409,,,,,,,,,,,,,
0,12.513,34.435,,,,,,,,,,,,,
0,12.606,34.533,,,,,,,,,,,,,
0,12.903,34.636,,,,,,,,,,,,,
0,12.938,34.658,,,,,,,,,,,,,
0,13.012,34.63,,,,,,,,,,,,,
0,13.274,34.584,,,,,,,,,,,,,
0,13.314,34.59,,,,,,,,,,,,,
0,13.38,34.596,,,,,,,,,,,,,
0,13.602,34.62,,,,,,,,,,,,,
0,13.634,34.621,,,,,,,,,,,,,
0,13.668,34.616,,,,,,,,,,,,,
0,13.889,34.624,,,,,,,,,,,,,
0,14.033,34.64,,,,,,,,,,,,,
0,14.13,34.654,,,,,,,,,,,,,
0,14.222,34.634,,,,,,,,,,,,,
0,14.27,34.581,,,,,,,,,,,,,
0,14.391,34.555,,,,,,,,,,,,,
0,14.499,34.478,,,,,,,,,,,,,
0,14.574,34.488,,,,,,,,,,,,,
0,14.702,34.438,,,,,,,,,,,,,
0,14.749,34.406,,,,,,,,,,,,,
0,14.97,34.307,,,,,,,,,,,,,
0,15.03,34.278,,,,,,,,,,,,,
0,15.142,34.241,,,,,,,,,,,,,
0,15.284,34.243,,,,,,,,,,,,,
0,15.302,34.239,,,,,,,,,,,,,
0,15.328,34.242,,,,,,,,,,,,,
0,15.354,34.223,,,,,,,,,,,,,
0,15.611,34.117,,,,,,,,,,,,,
0,15.685,33.994,,,,,,,,,,,,,
0,15.81,33.923,,,,,,,,,,,,,
0,16.046,33.778,,,,,,,,,,,,,
0,16.139,33.718,,,,,,,,,,,,,
0,16.35,33.66,,,,,,,,,,,,,
0,16.459,33.557,,,,,,,,,,,,,
0,16.496,33.556,,,,,,,,,,,,,
0,16.674,33.564,,,,,,,,,,,,,
0,16.716,33.545,,,,,,,,,,,,,
0,16.801,33.483,,,,,,,,,,,,,
0,16.887,33.35,,,,,,,,,,,,,
0,16.911,33.32,,,,,,,,,,,,,
0,17.016,33.264,,,,,,,,,,,,,
0,17.046,33.321,,,,,,,,,,,,,
0,17.204,33.205,,,,,,,,,,,,,
0,17.258,33.239,,,,,,,,,,,,,
0,17.412,33.397,,,,,,,,,,,,,
0,17.595,33.667,,,,,,,,,,,,,
27,17.655,33.679,,,,,,,,,,,,,
12,17.655,33.679,,,,,,,,,,,,,
0,17.788,33.675,,,,,,,,,,,,,
0,17.851,33.599,,,,,,,,,,,,,
0,18.823,32.034,,,,,,,,,,,,,
0,18.833,32.017,,,,,,,,,,,,,
0,18.844,31.999,,,,,,,,,,,,,
0,18.856,31.985,,,,,,,,,,,,,
0,18.864,31.983,,,,,,,,,,,,,
0,19.292,31.885,,,,,,,,,,,,,
0,19.547,31.884,,,,,,,,,,,,,
0,19.98,32.059,,,,,,,,,,,,,
0,20.072,32.143,,,,,,,,,,,,,
0,20.26,32.158,,,,,,,,,,,,,
0,20.298,32.153,,,,,,,,,,,,,
0,20.435,32.216,,,,,,,,,,,,,
0,20.549,32.212,,,,,,,,,,,,,
0,20.705,32.092,,,,,,,,,,,,,
0,21.475,31.863,,,,,,,,,,,,,
0,21.819,31.629,,,,,,,,,,,,,
0,22.927,31.094,,,,,,,,,,,,,
0,23.229,30.958,,,,,,,,,,,,,
0,23.618,30.806,,,,,,,,,,,,,
0,24.539,30.483,,,,,,,,,,,,,
0,25.426,30.144,,,,,,,,,,,,,
0,25.705,30.125,,,,,,,,,,,,,
0,25.892,30.193,,,,,,,,,,,,,
0,26.053,30.258,,,,,,,,,,,,,
0,27.44,30.623,,,,,,,,,,,,,
0,28.055,30.722,,,,,,,,,,,,,
0,28.33,30.753,,,,,,,,,,,,,
0,28.967,30.8,,,,,,,,,,,,,
0,29.243,30.805,,,,,,,,,,,,,
0,29.336,30.823,,,,,,,,,,,,,
0,29.398,30.815,,,,,,,,,,,,,
0,29.444,30.83,,,,,,,,,,,,,
0,29.747,30.799,,,,,,,,,,,,,
0,30.19,30.737,,,,,,,,,,,,,
0,30.522,30.725,,,,,,,,,,,,,
0,30.774,30.664,,,,,,,,,,,,,
0,31.936,30.301,,,,,,,,,,,,,
0,32.518,30.2,,,,,,,,,,,,,
0,32.838,30.127,,,,,,,,,,,,,
0,34.029,30.18,,,,,,,,,,,,,
0,35.167,30.465,,,,,,,,,,,,,
0,35.308,30.471,,,,,,,,,,,,,
0,35.435,30.504,,,,,,,,,,,,,
0,35.766,30.57,,,,,,,,,,,,,
0,36.282,31.214,,,,,,,,,,,,,
27,36.655,31.702,,,,,,,,,,,,,
0,37.395,32.67,,,,,,,,,,,,,
0,37.454,32.712,,,,,,,,,,,,,
0,37.531,32.706,,,,,,,,,,,,,
0,37.68,32.69,,,,,,,,,,,,,
0,37.87,32.764,,,,,,,,,,,,,
0,38.036,32.799,,,,,,,,,,,,,
0,38.234,32.818,,,,,,,,,,,,,
0,38.372,32.781,,,,,,,,,,,,,
0,38.534,32.746,,,,,,,,,,,,,
0,38.756,32.957,,,,,,,,,,,,,
0,38.781,33.412,,,,,,,,,,,,,
0,38.798,33.507,,,,,,,,,,,,,
27,38.931,36.357,,,,,,,,,,,,,
2,38.931,36.357,,,,,,,,,,,,,
12,38.931,36.357,,,,,,,,,,,,,
2,38.931,36.357,,,,,,,,,,,,,
27,38.931,36.357,,,,,,,,,,,,,
0,38.95,36.357,,,,,,,,,,,,,
0,39.139,36.322,,,,,,,,,,,,,
0,39.369,36.371,,,,,,,,,,,,,
0,39.43,36.371,,,,,,,,,,,,,
0,39.764,36.72,,,,,,,,,,,,,
0,39.791,36.741,,,,,,,,,,,,,
0,40.041,36.728,,,,,,,,,,,,,
0,40.054,36.728,,,,,,,,,,,,,
0,40.227,36.797,,,,,,,,,,,,,
0,40.234,36.796,,,,,,,,,,,,,
0,40.432,36.812,,,,,,,,,,,,,
0,40.505,36.88,,,,,,,,,,,,,
0,40.62,36.873,,,,,,,,,,,,,
0,40.881,36.989,,,,,,,,,,,,,
0,40.928,37.02,,,,,,,,,,,,,
0,40.981,37.133,,,,,,,,,,,,,
0,41.263,37.819,,,,,,,,,,,,,
0,41.453,37.874,,,,,,,,,,,,,
0,41.59,37.815,,,,,,,,,,,,,
0,41.615,37.851,,,,,,,,,,,,,
0,41.995,37.935,,,,,,,,,,,,,
0,42.174,37.849,,,,,,,,,,,,,
0,42.38,37.773,,,,,,,,,,,,,
0,42.435,37.773,,,,,,,,,,,,,
0,42.765,37.679,,,,,,,,,,,,,
0,42.792,37.668,,,,,,,,,,,,,
0,42.802,37.668,,,,,,,,,,,,,
0,42.853,37.638,,,,,,,,,,,,,
0,43.03,37.553,,,,,,,,,,,,,
0,43.138,37.487,,,,,,,,,,,,,
0,43.2,37.464,,,,,,,,,,,,,
0,43.423,37.381,,,,,,,,,,,,,
0,43.622,37.296,,,,,,,,,,,,,
0,43.736,37.261,,,,,,,,,,,,,
0,43.91,37.172,,,,,,,,,,,,,
0,43.991,37.133,,,,,,,,,,,,,
0,44.041,37.094,,,,,,,,,,,,,
0,44.115,37.044,,,,,,,,,,,,,
0,44.231,36.985,,,,,,,,,,,,,
0,44.373,36.89,,,,,,,,,,,,,
0,44.408,36.859,,,,,,,,,,,,,
0,44.567,36.65,,,,,,,,,,,,,
0,44.61,36.66,,,,,,,,,,,,,
0,44.904,36.396,,,,,,,,,,,,,
0,44.907,36.392,,,,,,,,,,,,,
0,44.911,36.389,,,,,,,,,,,,,
0,44.927,36.387,,,,,,,,,,,,,
0,45.08,36.365,,,,,,,,,,,,,
0,45.193,36.364,,,,,,,,,,,,,
0,45.261,36.377,,,,,,,,,,,,,
0,45.462,36.38,,,,,,,,,,,,,
0,45.472,36.38,,,,,,,,,,,,,
0,45.475,36.381,,,,,,,,,,,,,
0,45.577,36.416,,,,,,,,,,,,,
0,45.813,36.498,,,,,,,,,,,,,
0,45.828,36.503,,,,,,,,,,,,,
0,45.866,36.508,,,,,,,,,,,,,
0,46.058,36.554,,,,,,,,,,,,,
0,46.117,36.577,,,,,,,,,,,,,
0,46.169,36.609,,,,,,,,,,,,,
0,46.484,36.75,,,,,,,,,,,,,
0,46.544,36.777,,,,,,,,,,,,,
0,46.864,36.886,,,,,,,,,,,,,
0,46.964,37.037,,,,,,,,,,,,,
0,46.998,37.087,,,,,,,,,,,,,
0,47.191,37.194,,,,,,,,,,,,,
0,47.253,37.229,,,,,,,,,,,,,
0,47.259,37.233,,,,,,,,,,,,,
0,47.274,37.245,,,,,,,,,,,,,
0,47.427,37.402,,,,,,,,,,,,,
0,47.456,37.397,,,,,,,,,,,,,
0,47.617,37.42,,,,,,,,,,,,,
0,47.627,37.418,,,,,,,,,,,,,
0,47.781,37.38,,,,,,,,,,,,,
0,47.819,37.38,,,,,,,,,,,,,
0,47.833,37.38,,,,,,,,,,,,,
0,47.972,37.386,,,,,,,,,,,,,
0,48.019,37.375,,,,,,,,,,,,,
0,48.139,37.345,,,,,,,,,,,,,
27,48.19,37.337,,,,,,,,,,,,,
0,48.363,37.29,,,,,,,,,,,,,
0,48.392,37.28,,,,,,,,,,,,,
0,48.487,37.292,,,,,,,,,,,,,
0,48.615,37.246,,,,,,,,,,,,,
0,48.63,37.247,,,,,,,,,,,,,
0,48.658,37.233,,,,,,,,,,,,,
0,48.826,37.219,,,,,,,,,,,,,
0,48.926,37.216,,,,,,,,,,,,,
0,49.255,37.147,,,,,,,,,,,,,
0,50.499,37.091,,,,,,,,,,,,,
0,51.23,37.155,,,,,,,,,,,,,
0,51.672,37.242,,,,,,,,,,,,,
0,51.929,37.275,,,,,,,,,,,,,
0,53.513,37.144,,,,,,,,,,,,,
0,54.316,37.04,,,,,,,,,,,,,
0,54.41,37.032,,,,,,,,,,,,,
0,54.563,36.967,,,,,,,,,,,,,
0,54.629,36.966,,,,,,,,,,,,,
0,54.964,37.009,,,,,,,,,,,,,
0,55.41,37.06,,,,,,,,,,,,,
0,55.752,37.093,,,,,,,,,,,,,
0,56.262,37.207,,,,,,,,,,,,,
0,56.521,37.3,,,,,,,,,,,,,
0,56.562,37.312,,,,,,,,,,,,,
0,56.827,37.376,,,,,,,,,,,,,
0,56.985,37.469,,,,,,,,,,,,,
0,58.858,38.196,,,,,,,,,,,,,
0,59.006,38.233,,,,,,,,,,,,,
0,59.024,38.238,,,,,,,,,,,,,
0,59.289,38.382,,,,,,,,,,,,,
0,63.575,40.329,,,,,,,,,,,,,
0,63.904,40.431,,,,,,,,,,,,,
0,64.237,40.413,,,,,,,,,,,,,
0,64.578,40.372,,,,,,,,,,,,,
0,65.138,40.302,,,,,,,,,,,,,
0,65.455,40.274,,,,,,,,,,,,,
0,67.434,38.704,,,,,,,,,,,,,
0,67.617,38.53,,,,,,,,,,,,,
0,67.678,38.504,,,,,,,,,,,,,
0,67.755,38.498,,,,,,,,,,,,,
0,67.98,38.478,,,,,,,,,,,,,
0,68.905,38.491,,,,,,,,,,,,,
0,68.961,38.498,,,,,,,,,,,,,
0,69.019,38.502,,,,,,,,,,,,,
0,69.101,38.493,,,,,,,,,,,,,
0,69.572,38.577,,,,,,,,,,,,,
0,69.935,38.51,,,,,,,,,,,,,
0,70.105,38.525,,,,,,,,,,,,,
0,70.64,38.578,,,,,,,,,,,,,
0,71.906,38.916,,,,,,,,,,,,,
0,73.102,39.21,,,,,,,,,,,,,
0,74.381,39.518,,,,,,,,,,,,,
0,77.302,39.956,,,,,,,,,,,,,
0,80.208,40.208,,,,,,,,,,,,,
0,80.286,40.228,,,,,,,,,,,,,
0,82.345,39.826,,,,,,,,,,,,,
0,82.702,40.175,,,,,,,,,,,,,
0,82.878,40.401,,,,,,,,,,,,,
9,83.29,40.842,,,,,,,,,,,,,
0,83.595,41.168,,,,,,,,,,,,,
0,83.609,41.253,,,,,,,,,,,,,
9,83.89,43.108,,,,,,,,,,,,,
3,83.89,43.108,,,,,,,,,,,,,
0,83.909,43.108,,,,,,,,,,,,,
0,84.109,43.223,,,,,,,,,,,,,
20,84.29,43.338,,,,,,,,,,,,,
0,84.409,43.213,,,,,,,,,,,,,
9,84.49,43.088,,,,,,,,,,,,,
9,84.49,43.088,,,,,,,,,,,,,
0,84.509,42.788,,,,,,,,,,,,,
0,84.509,42.488,,,,,,,,,,,,,
0,84.634,42.488,,,,,,,,,,,,,
8,84.74,42.488,,,,,,,,,,,,,
0,84.759,42.488,,,,,,,,,,,,,
0,84.759,43.058,,,,,,,,,,,,,
0,84.834,43.058,,,,,,,,,,,,,
8,84.89,43.058,,,,,,,,,,,,,
14,84.89,43.058,,,,,,,,,,,,,
0,85.289,43.108,,,,,,,,,,,,,
0,85.669,43.158,,,,,,,,,,,,,
0,88.954,43.188,,,,,,,,,,,,,
14,92.22,43.218,,,,,,,,,,,,,
8,92.22,43.218,,,,,,,,,,,,,
0,92.239,43.333,,,,,,,,,,,,,
0,92.239,43.448,,,,,,,,,,,,,
0,92.289,43.448,,,,,,,,,,,,,
8,92.32,43.448,,,,,,,,,,,,,
14,92.32,43.448,,,,,,,,,,,,,
0,92.339,43.373,,,,,,,,,,,,,
0,92.339,43.298,,,,,,,,,,,,,
0,92.624,43.263,,,,,,,,,,,,,
14,92.89,43.228,,,,,,,,,,,,,
8,92.89,43.228,,,,,,,,,,,,,
0,92.909,43.053,,,,,,,,,,,,,
0,92.909,42.878,,,,,,,,,,,,,
0,93.159,42.878,,,,,,,,,,,,,
8,93.39,43.228,,,,,,,,,,,,,
0,93.409,42.878,,,,,,,,,,,,,
0,93.409,43.053,,,,,,,,,,,,,
0,93.409,43.228,,,,,,,,,,,,,
0,93.484,43.228,,,,,,,,,,,,,
18,93.511,43.445,,,,,,,,,,,,,
2,93.54,43.228,,,,,,,,,,,,,
0,93.609,43.468,,,,,,,,,,,,,
9,93.64,43.228,,,,,,,,,,,,,
9,93.84,44.308,,,,,,,,,,,,,
8,94.84,44.408,,,,,,,,,,,,,
0,94.959,44.858,,,,,,,,,,,,,
8,95.14,44.858,,,,,,,,,,,,,
0,95.159,44.758,,,,,,,,,,,,,
0,96.837,45.515,,,,,,,,,,,,,
0,97.293,45.779,,,,,,,,,,,,,
0,97.857,46.222,,,,,,,,,,,,,
0,98.016,46.371,,,,,,,,,,,,,
0,98.169,46.468,,,,,,,,,,,,,
0,98.68,46.847,,,,,,,,,,,,,
0,98.96,47.073,,,,,,,,,,,,,
0,99.195,47.275,,,,,,,,,,,,,
0,99.322,47.331,,,,,,,,,,,,,
0,99.466,47.437,,,,,,,,,,,,,
0,99.611,47.554,,,,,,,,,,,,,
0,99.936,47.835,,,,,,,,,,,,,
0,100.142,48.006,,,,,,,,,,,,,
0,102.468,49.364,,,,,,,,,,,,,
19,103.36,50.248,,,,,,,,,,,,,
ÅZã¥,2,8,,,,,,,,,,,,,
37,194,46.939,42.002,0,0,1013,999.121,999.111,999.224,999.212,0,20210409,8505080001,èØì‡êÏêÖån,èØì‡êÏ    
0,-23.31,50.219,,,,,,,,,,,,,
0,-23.199,50.22,,,,,,,,,,,,,
0,-22.433,50.035,,,,,,,,,,,,,
0,-22.411,50.033,,,,,,,,,,,,,
0,-22.358,50.03,,,,,,,,,,,,,
0,-21.681,50.02,,,,,,,,,,,,,
0,-21.635,50.014,,,,,,,,,,,,,
0,-21.56,50.003,,,,,,,,,,,,,
0,-21.273,49.935,,,,,,,,,,,,,
0,-20.947,49.856,,,,,,,,,,,,,
0,-20.798,49.84,,,,,,,,,,,,,
0,-20.291,49.84,,,,,,,,,,,,,
0,-20.16,49.826,,,,,,,,,,,,,
0,-19.787,49.838,,,,,,,,,,,,,
0,-19.504,49.826,,,,,,,,,,,,,
0,-18.92,49.715,,,,,,,,,,,,,
0,-18.743,49.69,,,,,,,,,,,,,
0,-18.361,49.69,,,,,,,,,,,,,
0,-17.673,49.639,,,,,,,,,,,,,
0,-17.255,49.599,,,,,,,,,,,,,
0,-17.239,49.596,,,,,,,,,,,,,
0,-17.056,49.561,,,,,,,,,,,,,
0,-16.739,49.503,,,,,,,,,,,,,
0,-16.535,49.489,,,,,,,,,,,,,
0,-16.483,49.481,,,,,,,,,,,,,
0,-15.96,49.465,,,,,,,,,,,,,
0,-15.465,49.383,,,,,,,,,,,,,
0,-15.414,49.374,,,,,,,,,,,,,
0,-15.349,49.368,,,,,,,,,,,,,
0,-15.18,49.35,,,,,,,,,,,,,
0,-15.032,49.32,,,,,,,,,,,,,
0,-14.483,49.197,,,,,,,,,,,,,
0,-14.256,49.165,,,,,,,,,,,,,
0,-14.051,49.153,,,,,,,,,,,,,
0,-13.743,49.15,,,,,,,,,,,,,
0,-13.629,49.149,,,,,,,,,,,,,
0,-13.539,49.122,,,,,,,,,,,,,
0,-13.306,49.099,,,,,,,,,,,,,
0,-13.228,49.113,,,,,,,,,,,,,
0,-12.983,49.109,,,,,,,,,,,,,
0,-12.966,49.1,,,,,,,,,,,,,
0,-12.926,49.098,,,,,,,,,,,,,
0,-12.709,49.09,,,,,,,,,,,,,
0,-12.703,49.09,,,,,,,,,,,,,
0,-12.701,49.089,,,,,,,,,,,,,
0,-12.198,49.057,,,,,,,,,,,,,
0,-12.092,49.051,,,,,,,,,,,,,
0,-11.945,49.041,,,,,,,,,,,,,
0,-11.771,49.006,,,,,,,,,,,,,
0,-11.49,48.947,,,,,,,,,,,,,
0,-11.452,48.932,,,,,,,,,,,,,
0,-11.309,48.895,,,,,,,,,,,,,
0,-11.16,48.852,,,,,,,,,,,,,
0,-11.085,48.834,,,,,,,,,,,,,
0,-10.701,48.782,,,,,,,,,,,,,
0,-10.325,48.676,,,,,,,,,,,,,
0,-9.885,48.548,,,,,,,,,,,,,
0,-9.822,48.528,,,,,,,,,,,,,
0,-9.804,48.523,,,,,,,,,,,,,
0,-9.389,48.474,,,,,,,,,,,,,
0,-9.274,48.421,,,,,,,,,,,,,
0,-9.206,48.362,,,,,,,,,,,,,
0,-8.677,48.306,,,,,,,,,,,,,
0,-8.652,48.304,,,,,,,,,,,,,
0,-8.651,48.303,,,,,,,,,,,,,
0,-8.645,48.302,,,,,,,,,,,,,
0,-8.318,48.224,,,,,,,,,,,,,
0,-8.124,48.154,,,,,,,,,,,,,
0,-7.909,48.098,,,,,,,,,,,,,
0,-7.799,48.071,,,,,,,,,,,,,
0,-7.569,48.061,,,,,,,,,,,,,
0,-7.432,48.073,,,,,,,,,,,,,
0,-7.367,48.073,,,,,,,,,,,,,
0,-7.277,48.076,,,,,,,,,,,,,
0,-7.099,48.066,,,,,,,,,,,,,
0,-6.777,48.071,,,,,,,,,,,,,
0,-6.468,47.922,,,,,,,,,,,,,
0,-6.245,47.832,,,,,,,,,,,,,
0,-5.499,47.866,,,,,,,,,,,,,
0,-4.936,47.789,,,,,,,,,,,,,
0,-4.664,47.765,,,,,,,,,,,,,
0,-4.394,47.727,,,,,,,,,,,,,
0,-3.797,47.604,,,,,,,,,,,,,
0,-3.727,47.576,,,,,,,,,,,,,
0,-3.383,47.504,,,,,,,,,,,,,
0,-2.781,47.37,,,,,,,,,,,,,
0,-1.892,46.943,,,,,,,,,,,,,
0,-1.513,46.827,,,,,,,,,,,,,
0,-1.06,46.688,,,,,,,,,,,,,
0,-1.003,46.695,,,,,,,,,,,,,
0,-0.775,46.619,,,,,,,,,,,,,
0,-0.55,46.57,,,,,,,,,,,,,
0,-0.427,46.517,,,,,,,,,,,,,
0,-0.2,46.454,,,,,,,,,,,,,
2,0,46.379,,,,,,,,,,,,,
2,0,46.379,,,,,,,,,,,,,
0,0,46.379,,,,,,,,,,,,,
1,0,46.921,,,,,,,,,,,,,
0,0.028,46.368,,,,,,,,,,,,,
0,1.238,45.968,,,,,,,,,,,,,
0,1.524,45.826,,,,,,,,,,,,,
0,1.758,45.726,,,,,,,,,,,,,
0,1.872,45.662,,,,,,,,,,,,,
0,2.062,45.552,,,,,,,,,,,,,
0,2.225,45.471,,,,,,,,,,,,,
0,2.447,45.406,,,,,,,,,,,,,
0,2.627,45.38,,,,,,,,,,,,,
0,2.759,45.359,,,,,,,,,,,,,
0,2.918,45.311,,,,,,,,,,,,,
0,3.121,45.276,,,,,,,,,,,,,
0,3.498,45.195,,,,,,,,,,,,,
0,3.906,45.078,,,,,,,,,,,,,
0,3.969,45.055,,,,,,,,,,,,,
0,3.98,45.052,,,,,,,,,,,,,
0,4.987,44.811,,,,,,,,,,,,,
0,5.167,44.78,,,,,,,,,,,,,
0,5.769,44.684,,,,,,,,,,,,,
0,5.938,44.641,,,,,,,,,,,,,
0,6.339,44.56,,,,,,,,,,,,,
0,6.465,44.548,,,,,,,,,,,,,
0,6.544,44.527,,,,,,,,,,,,,
0,6.745,44.475,,,,,,,,,,,,,
0,6.765,44.469,,,,,,,,,,,,,
0,6.779,44.467,,,,,,,,,,,,,
0,6.825,44.458,,,,,,,,,,,,,
0,7.677,44.317,,,,,,,,,,,,,
0,7.84,44.301,,,,,,,,,,,,,
0,8.247,44.223,,,,,,,,,,,,,
0,8.382,44.215,,,,,,,,,,,,,
0,8.432,44.208,,,,,,,,,,,,,
0,8.636,44.179,,,,,,,,,,,,,
0,9.039,44.179,,,,,,,,,,,,,
0,9.161,44.16,,,,,,,,,,,,,
0,9.267,44.114,,,,,,,,,,,,,
0,9.506,44.075,,,,,,,,,,,,,
0,9.643,44.042,,,,,,,,,,,,,
0,9.77,43.997,,,,,,,,,,,,,
0,9.943,43.976,,,,,,,,,,,,,
0,10.169,43.961,,,,,,,,,,,,,
0,10.596,43.933,,,,,,,,,,,,,
0,10.673,43.922,,,,,,,,,,,,,
0,10.91,43.85,,,,,,,,,,,,,
0,11.294,43.779,,,,,,,,,,,,,
0,11.461,43.753,,,,,,,,,,,,,
0,11.546,43.736,,,,,,,,,,,,,
0,11.885,43.67,,,,,,,,,,,,,
0,12.264,43.584,,,,,,,,,,,,,
0,12.763,43.528,,,,,,,,,,,,,
0,12.868,43.539,,,,,,,,,,,,,
0,13.175,43.516,,,,,,,,,,,,,
0,13.314,43.51,,,,,,,,,,,,,
0,13.368,43.512,,,,,,,,,,,,,
0,13.526,43.464,,,,,,,,,,,,,
0,13.784,43.43,,,,,,,,,,,,,
0,13.839,43.433,,,,,,,,,,,,,
0,14.23,43.418,,,,,,,,,,,,,
0,14.581,43.419,,,,,,,,,,,,,
0,14.714,43.403,,,,,,,,,,,,,
0,14.904,43.381,,,,,,,,,,,,,
0,15.001,43.371,,,,,,,,,,,,,
0,15.258,43.348,,,,,,,,,,,,,
0,15.555,43.297,,,,,,,,,,,,,
0,15.684,43.258,,,,,,,,,,,,,
0,15.889,43.294,,,,,,,,,,,,,
0,16.039,43.275,,,,,,,,,,,,,
8,17.21,43.249,,,,,,,,,,,,,
0,17.21,43.159,,,,,,,,,,,,,
0,17.21,43.069,,,,,,,,,,,,,
0,19.4,43.069,,,,,,,,,,,,,
8,21.59,43.069,,,,,,,,,,,,,
0,21.59,43.159,,,,,,,,,,,,,
0,21.59,43.249,,,,,,,,,,,,,
0,23.59,43.115,,,,,,,,,,,,,
0,24.504,42.682,,,,,,,,,,,,,
0,24.765,42.67,,,,,,,,,,,,,
0,25.059,42.67,,,,,,,,,,,,,
0,25.105,42.668,,,,,,,,,,,,,
0,25.261,42.644,,,,,,,,,,,,,
0,25.825,42.633,,,,,,,,,,,,,
0,25.941,42.628,,,,,,,,,,,,,
0,26.003,42.626,,,,,,,,,,,,,
0,26.186,42.603,,,,,,,,,,,,,
0,26.244,42.594,,,,,,,,,,,,,
0,26.406,42.603,,,,,,,,,,,,,
0,26.605,42.609,,,,,,,,,,,,,
0,26.947,42.581,,,,,,,,,,,,,
0,27.019,42.571,,,,,,,,,,,,,
0,27.038,42.572,,,,,,,,,,,,,
0,27.067,42.57,,,,,,,,,,,,,
0,27.261,42.564,,,,,,,,,,,,,
0,27.464,42.57,,,,,,,,,,,,,
0,27.591,42.566,,,,,,,,,,,,,
0,27.812,42.553,,,,,,,,,,,,,
0,27.845,42.55,,,,,,,,,,,,,
0,27.882,42.546,,,,,,,,,,,,,
0,28.116,42.522,,,,,,,,,,,,,
0,28.607,42.52,,,,,,,,,,,,,
0,28.613,42.52,,,,,,,,,,,,,
0,28.63,42.519,,,,,,,,,,,,,
0,28.888,42.505,,,,,,,,,,,,,
0,28.971,42.5,,,,,,,,,,,,,
0,28.977,42.5,,,,,,,,,,,,,
0,28.982,42.499,,,,,,,,,,,,,
0,29.087,42.489,,,,,,,,,,,,,
0,29.387,42.466,,,,,,,,,,,,,
0,29.618,42.456,,,,,,,,,,,,,
0,29.714,42.457,,,,,,,,,,,,,
0,29.85,42.45,,,,,,,,,,,,,
0,30.014,42.454,,,,,,,,,,,,,
0,30.256,42.441,,,,,,,,,,,,,
0,30.422,42.434,,,,,,,,,,,,,
0,30.651,42.436,,,,,,,,,,,,,
0,30.734,42.44,,,,,,,,,,,,,
0,30.756,42.438,,,,,,,,,,,,,
0,30.794,42.439,,,,,,,,,,,,,
0,31.226,42.42,,,,,,,,,,,,,
0,31.328,42.42,,,,,,,,,,,,,
0,31.51,42.427,,,,,,,,,,,,,
0,31.557,42.429,,,,,,,,,,,,,
0,31.692,42.42,,,,,,,,,,,,,
0,31.847,42.41,,,,,,,,,,,,,
0,32.013,42.397,,,,,,,,,,,,,
0,32.132,42.384,,,,,,,,,,,,,
0,32.288,42.375,,,,,,,,,,,,,
0,32.67,42.364,,,,,,,,,,,,,
0,33.074,42.362,,,,,,,,,,,,,
0,33.217,42.35,,,,,,,,,,,,,
0,33.222,42.35,,,,,,,,,,,,,
0,33.55,42.34,,,,,,,,,,,,,
0,33.771,42.34,,,,,,,,,,,,,
0,33.826,42.342,,,,,,,,,,,,,
8,35.17,42.339,,,,,,,,,,,,,
0,35.17,42.169,,,,,,,,,,,,,
0,35.17,41.999,,,,,,,,,,,,,
0,35.295,41.999,,,,,,,,,,,,,
8,35.42,41.999,,,,,,,,,,,,,
0,35.42,42.169,,,,,,,,,,,,,
0,35.42,42.339,,,,,,,,,,,,,
0,36.436,42.316,,,,,,,,,,,,,
0,36.687,42.328,,,,,,,,,,,,,
0,36.751,42.327,,,,,,,,,,,,,
0,36.828,42.328,,,,,,,,,,,,,
0,37.116,42.339,,,,,,,,,,,,,
0,37.148,42.34,,,,,,,,,,,,,
0,37.154,42.34,,,,,,,,,,,,,
0,37.174,42.34,,,,,,,,,,,,,
0,37.549,42.346,,,,,,,,,,,,,
0,37.641,42.339,,,,,,,,,,,,,
0,37.776,42.356,,,,,,,,,,,,,
0,37.855,42.362,,,,,,,,,,,,,
0,38.118,42.37,,,,,,,,,,,,,
0,38.161,42.371,,,,,,,,,,,,,
0,38.189,42.37,,,,,,,,,,,,,
0,38.574,42.378,,,,,,,,,,,,,
0,38.762,42.388,,,,,,,,,,,,,
0,38.812,42.39,,,,,,,,,,,,,
0,38.96,42.395,,,,,,,,,,,,,
0,39.154,42.4,,,,,,,,,,,,,
0,39.233,42.396,,,,,,,,,,,,,
0,39.43,42.395,,,,,,,,,,,,,
0,39.627,42.404,,,,,,,,,,,,,
0,39.648,42.404,,,,,,,,,,,,,
0,40.098,42.4,,,,,,,,,,,,,
0,40.118,42.4,,,,,,,,,,,,,
0,40.123,42.4,,,,,,,,,,,,,
0,40.132,42.402,,,,,,,,,,,,,
0,40.464,42.466,,,,,,,,,,,,,
0,40.532,42.472,,,,,,,,,,,,,
0,40.811,42.469,,,,,,,,,,,,,
0,40.841,42.47,,,,,,,,,,,,,
0,40.876,42.47,,,,,,,,,,,,,
0,41.092,42.479,,,,,,,,,,,,,
0,41.304,42.479,,,,,,,,,,,,,
0,41.323,42.479,,,,,,,,,,,,,
0,41.495,42.486,,,,,,,,,,,,,
0,41.774,42.506,,,,,,,,,,,,,
0,42.053,42.502,,,,,,,,,,,,,
0,42.125,42.502,,,,,,,,,,,,,
0,42.237,42.506,,,,,,,,,,,,,
0,42.503,42.523,,,,,,,,,,,,,
0,42.8,42.53,,,,,,,,,,,,,
0,43.002,42.53,,,,,,,,,,,,,
0,43.111,42.539,,,,,,,,,,,,,
0,43.253,42.549,,,,,,,,,,,,,
0,43.46,42.563,,,,,,,,,,,,,
0,43.675,42.568,,,,,,,,,,,,,
0,43.725,42.572,,,,,,,,,,,,,
0,43.739,42.573,,,,,,,,,,,,,
0,44.09,42.589,,,,,,,,,,,,,
0,44.4,42.588,,,,,,,,,,,,,
0,44.45,42.591,,,,,,,,,,,,,
0,44.509,42.595,,,,,,,,,,,,,
0,44.531,42.596,,,,,,,,,,,,,
0,44.872,42.604,,,,,,,,,,,,,
0,45.099,42.616,,,,,,,,,,,,,
0,45.207,42.633,,,,,,,,,,,,,
0,45.474,42.631,,,,,,,,,,,,,
0,45.486,42.632,,,,,,,,,,,,,
0,45.729,42.631,,,,,,,,,,,,,
0,45.749,42.63,,,,,,,,,,,,,
0,46.124,42.635,,,,,,,,,,,,,
0,46.501,42.659,,,,,,,,,,,,,
0,46.512,42.66,,,,,,,,,,,,,
0,47.013,42.651,,,,,,,,,,,,,
0,47.075,42.651,,,,,,,,,,,,,
0,47.39,42.65,,,,,,,,,,,,,
0,47.606,42.652,,,,,,,,,,,,,
0,47.636,42.648,,,,,,,,,,,,,
0,47.683,42.65,,,,,,,,,,,,,
0,47.999,42.663,,,,,,,,,,,,,
0,48.072,42.661,,,,,,,,,,,,,
0,48.413,42.67,,,,,,,,,,,,,
0,48.502,42.672,,,,,,,,,,,,,
0,48.611,42.663,,,,,,,,,,,,,
0,48.806,42.641,,,,,,,,,,,,,
0,48.966,42.642,,,,,,,,,,,,,
0,49.361,42.634,,,,,,,,,,,,,
0,49.521,42.64,,,,,,,,,,,,,
0,49.707,42.648,,,,,,,,,,,,,
0,49.838,42.646,,,,,,,,,,,,,
0,50.071,42.635,,,,,,,,,,,,,
0,50.194,42.637,,,,,,,,,,,,,
0,50.434,42.665,,,,,,,,,,,,,
0,50.516,42.67,,,,,,,,,,,,,
0,50.555,42.669,,,,,,,,,,,,,
0,50.68,42.662,,,,,,,,,,,,,
0,50.777,42.656,,,,,,,,,,,,,
0,50.996,42.644,,,,,,,,,,,,,
0,51.176,42.653,,,,,,,,,,,,,
0,51.346,42.654,,,,,,,,,,,,,
0,51.425,42.652,,,,,,,,,,,,,
0,51.626,42.649,,,,,,,,,,,,,
0,51.871,42.638,,,,,,,,,,,,,
0,52.175,42.628,,,,,,,,,,,,,
0,52.372,42.608,,,,,,,,,,,,,
0,52.541,42.617,,,,,,,,,,,,,
0,52.584,42.618,,,,,,,,,,,,,
0,52.615,42.619,,,,,,,,,,,,,
0,52.714,42.627,,,,,,,,,,,,,
0,52.938,42.647,,,,,,,,,,,,,
0,53.097,42.662,,,,,,,,,,,,,
0,53.169,42.669,,,,,,,,,,,,,
0,53.442,42.671,,,,,,,,,,,,,
0,53.637,42.667,,,,,,,,,,,,,
0,53.911,42.692,,,,,,,,,,,,,
0,54.129,42.712,,,,,,,,,,,,,
0,54.21,42.72,,,,,,,,,,,,,
0,54.441,42.75,,,,,,,,,,,,,
0,54.585,42.774,,,,,,,,,,,,,
0,54.658,42.78,,,,,,,,,,,,,
0,54.796,42.792,,,,,,,,,,,,,
0,55.214,42.856,,,,,,,,,,,,,
0,55.26,42.858,,,,,,,,,,,,,
0,55.283,42.857,,,,,,,,,,,,,
0,55.462,42.866,,,,,,,,,,,,,
0,55.706,42.865,,,,,,,,,,,,,
0,55.758,42.863,,,,,,,,,,,,,
0,55.995,42.847,,,,,,,,,,,,,
0,56.066,42.847,,,,,,,,,,,,,
0,56.214,42.831,,,,,,,,,,,,,
0,56.472,42.824,,,,,,,,,,,,,
0,56.508,42.824,,,,,,,,,,,,,
0,56.782,42.824,,,,,,,,,,,,,
0,56.844,42.815,,,,,,,,,,,,,
0,56.943,42.81,,,,,,,,,,,,,
0,57.082,42.802,,,,,,,,,,,,,
0,57.266,42.802,,,,,,,,,,,,,
0,57.459,42.794,,,,,,,,,,,,,
0,57.602,42.803,,,,,,,,,,,,,
0,57.768,42.793,,,,,,,,,,,,,
0,57.852,42.793,,,,,,,,,,,,,
0,57.924,42.793,,,,,,,,,,,,,
0,58.265,42.815,,,,,,,,,,,,,
0,58.616,42.801,,,,,,,,,,,,,
0,58.68,42.797,,,,,,,,,,,,,
0,58.77,42.786,,,,,,,,,,,,,
0,58.997,42.78,,,,,,,,,,,,,
0,59.149,42.785,,,,,,,,,,,,,
0,59.175,42.785,,,,,,,,,,,,,
0,59.326,42.78,,,,,,,,,,,,,
0,59.487,42.783,,,,,,,,,,,,,
0,59.678,42.78,,,,,,,,,,,,,
0,59.807,42.775,,,,,,,,,,,,,
0,60.069,42.764,,,,,,,,,,,,,
0,60.139,42.762,,,,,,,,,,,,,
0,60.173,42.759,,,,,,,,,,,,,
0,60.546,42.78,,,,,,,,,,,,,
0,60.6,42.79,,,,,,,,,,,,,
0,60.678,42.788,,,,,,,,,,,,,
0,60.852,42.801,,,,,,,,,,,,,
0,61.035,42.807,,,,,,,,,,,,,
0,61.066,42.807,,,,,,,,,,,,,
0,61.267,42.815,,,,,,,,,,,,,
0,61.362,42.818,,,,,,,,,,,,,
0,61.502,42.816,,,,,,,,,,,,,
0,61.652,42.813,,,,,,,,,,,,,
0,61.772,42.81,,,,,,,,,,,,,
0,61.905,42.815,,,,,,,,,,,,,
0,62.125,42.817,,,,,,,,,,,,,
0,62.159,42.82,,,,,,,,,,,,,
0,62.315,42.82,,,,,,,,,,,,,
0,62.326,42.82,,,,,,,,,,,,,
0,62.473,42.82,,,,,,,,,,,,,
0,62.923,42.811,,,,,,,,,,,,,
0,62.963,42.809,,,,,,,,,,,,,
0,63.02,42.811,,,,,,,,,,,,,
0,63.329,42.81,,,,,,,,,,,,,
0,63.569,42.81,,,,,,,,,,,,,
0,63.739,42.805,,,,,,,,,,,,,
0,63.916,42.803,,,,,,,,,,,,,
0,64.08,42.81,,,,,,,,,,,,,
0,64.372,42.81,,,,,,,,,,,,,
0,64.511,42.81,,,,,,,,,,,,,
0,64.735,42.799,,,,,,,,,,,,,
0,64.884,42.805,,,,,,,,,,,,,
0,65.008,42.805,,,,,,,,,,,,,
0,65.169,42.8,,,,,,,,,,,,,
0,65.347,42.797,,,,,,,,,,,,,
0,65.736,42.809,,,,,,,,,,,,,
0,65.755,42.81,,,,,,,,,,,,,
0,66.18,42.82,,,,,,,,,,,,,
0,66.387,42.82,,,,,,,,,,,,,
0,66.557,42.82,,,,,,,,,,,,,
0,66.69,42.812,,,,,,,,,,,,,
0,66.903,42.8,,,,,,,,,,,,,
0,67.612,42.79,,,,,,,,,,,,,
0,67.619,42.79,,,,,,,,,,,,,
0,67.652,42.791,,,,,,,,,,,,,
0,67.968,42.804,,,,,,,,,,,,,
0,68.125,42.793,,,,,,,,,,,,,
0,68.344,42.786,,,,,,,,,,,,,
0,68.689,42.755,,,,,,,,,,,,,
0,68.741,42.755,,,,,,,,,,,,,
0,68.804,42.751,,,,,,,,,,,,,
0,69.299,42.789,,,,,,,,,,,,,
0,69.332,42.791,,,,,,,,,,,,,
0,69.344,42.79,,,,,,,,,,,,,
0,69.538,42.788,,,,,,,,,,,,,
0,69.847,42.788,,,,,,,,,,,,,
0,69.906,42.795,,,,,,,,,,,,,
0,70.024,42.797,,,,,,,,,,,,,
0,70.285,42.79,,,,,,,,,,,,,
0,70.486,42.785,,,,,,,,,,,,,
0,70.607,42.78,,,,,,,,,,,,,
0,70.813,42.772,,,,,,,,,,,,,
0,70.961,42.77,,,,,,,,,,,,,
0,71.15,42.772,,,,,,,,,,,,,
0,71.235,42.77,,,,,,,,,,,,,
0,71.496,42.77,,,,,,,,,,,,,
0,71.516,42.77,,,,,,,,,,,,,
0,71.79,42.761,,,,,,,,,,,,,
0,71.832,42.76,,,,,,,,,,,,,
0,72.243,42.76,,,,,,,,,,,,,
0,72.304,42.761,,,,,,,,,,,,,
0,72.569,42.752,,,,,,,,,,,,,
0,72.666,42.751,,,,,,,,,,,,,
0,72.965,42.76,,,,,,,,,,,,,
0,73.031,42.759,,,,,,,,,,,,,
0,73.131,42.757,,,,,,,,,,,,,
0,73.322,42.75,,,,,,,,,,,,,
0,73.545,42.737,,,,,,,,,,,,,
0,73.674,42.731,,,,,,,,,,,,,
0,73.737,42.732,,,,,,,,,,,,,
0,73.742,42.734,,,,,,,,,,,,,
0,74.275,42.741,,,,,,,,,,,,,
0,74.3,42.739,,,,,,,,,,,,,
0,74.328,42.739,,,,,,,,,,,,,
0,74.35,42.739,,,,,,,,,,,,,
0,74.645,42.734,,,,,,,,,,,,,
0,74.81,42.722,,,,,,,,,,,,,
0,74.875,42.718,,,,,,,,,,,,,
0,75.015,42.72,,,,,,,,,,,,,
0,75.224,42.72,,,,,,,,,,,,,
0,75.369,42.716,,,,,,,,,,,,,
0,75.392,42.722,,,,,,,,,,,,,
0,75.615,42.71,,,,,,,,,,,,,
0,75.688,42.715,,,,,,,,,,,,,
0,76.025,42.7,,,,,,,,,,,,,
0,76.033,42.7,,,,,,,,,,,,,
0,76.065,42.7,,,,,,,,,,,,,
0,76.253,42.699,,,,,,,,,,,,,
0,76.417,42.697,,,,,,,,,,,,,
0,76.484,42.693,,,,,,,,,,,,,
0,76.703,42.687,,,,,,,,,,,,,
0,76.87,42.68,,,,,,,,,,,,,
0,76.968,42.683,,,,,,,,,,,,,
0,77.03,42.68,,,,,,,,,,,,,
0,77.197,42.68,,,,,,,,,,,,,
0,77.224,42.679,,,,,,,,,,,,,
0,77.567,42.67,,,,,,,,,,,,,
0,77.582,42.673,,,,,,,,,,,,,
0,77.702,42.666,,,,,,,,,,,,,
0,77.823,42.66,,,,,,,,,,,,,
0,77.906,42.657,,,,,,,,,,,,,
0,77.952,42.656,,,,,,,,,,,,,
0,78.22,42.639,,,,,,,,,,,,,
0,78.448,42.634,,,,,,,,,,,,,
0,78.574,42.636,,,,,,,,,,,,,
0,78.677,42.636,,,,,,,,,,,,,
0,78.884,42.615,,,,,,,,,,,,,
0,79.014,42.61,,,,,,,,,,,,,
0,79.311,42.6,,,,,,,,,,,,,
0,79.319,42.6,,,,,,,,,,,,,
0,79.347,42.6,,,,,,,,,,,,,
0,79.618,42.6,,,,,,,,,,,,,
0,79.812,42.6,,,,,,,,,,,,,
0,79.876,42.6,,,,,,,,,,,,,
0,79.948,42.6,,,,,,,,,,,,,
0,80.077,42.598,,,,,,,,,,,,,
0,80.185,42.596,,,,,,,,,,,,,
0,80.59,42.583,,,,,,,,,,,,,
0,80.735,42.571,,,,,,,,,,,,,
0,80.888,42.575,,,,,,,,,,,,,
0,81.039,42.58,,,,,,,,,,,,,
0,81.047,42.579,,,,,,,,,,,,,
0,81.067,42.579,,,,,,,,,,,,,
0,81.102,42.576,,,,,,,,,,,,,
0,81.514,42.542,,,,,,,,,,,,,
0,81.709,42.526,,,,,,,,,,,,,
0,81.764,42.524,,,,,,,,,,,,,
0,81.958,42.491,,,,,,,,,,,,,
0,82.033,42.472,,,,,,,,,,,,,
0,82.456,42.325,,,,,,,,,,,,,
0,82.503,42.308,,,,,,,,,,,,,
0,82.767,42.222,,,,,,,,,,,,,
0,82.813,42.216,,,,,,,,,,,,,
0,82.9,42.21,,,,,,,,,,,,,
0,82.99,42.219,,,,,,,,,,,,,
0,83.147,42.232,,,,,,,,,,,,,
0,83.33,42.298,,,,,,,,,,,,,
0,83.412,42.332,,,,,,,,,,,,,
0,83.509,42.372,,,,,,,,,,,,,
0,83.768,42.529,,,,,,,,,,,,,
0,83.95,42.634,,,,,,,,,,,,,
0,83.964,42.637,,,,,,,,,,,,,
0,84.032,42.69,,,,,,,,,,,,,
0,84.513,42.949,,,,,,,,,,,,,
0,84.602,42.96,,,,,,,,,,,,,
0,84.921,43.03,,,,,,,,,,,,,
0,85.206,43.014,,,,,,,,,,,,,
0,85.397,43.015,,,,,,,,,,,,,
0,85.524,42.997,,,,,,,,,,,,,
0,85.693,42.976,,,,,,,,,,,,,
0,86.897,42.676,,,,,,,,,,,,,
0,87.32,42.631,,,,,,,,,,,,,
0,87.559,42.515,,,,,,,,,,,,,
0,87.94,42.344,,,,,,,,,,,,,
0,88.23,42.197,,,,,,,,,,,,,
0,88.472,42.071,,,,,,,,,,,,,
0,88.534,42.052,,,,,,,,,,,,,
0,88.589,42.015,,,,,,,,,,,,,
0,88.921,41.799,,,,,,,,,,,,,
0,88.986,41.792,,,,,,,,,,,,,
0,89.211,41.774,,,,,,,,,,,,,
0,89.286,41.749,,,,,,,,,,,,,
0,89.677,41.674,,,,,,,,,,,,,
0,89.809,41.665,,,,,,,,,,,,,
0,90.732,41.54,,,,,,,,,,,,,
0,90.733,41.54,,,,,,,,,,,,,
0,90.734,41.54,,,,,,,,,,,,,
0,90.734,41.54,,,,,,,,,,,,,
0,90.826,41.529,,,,,,,,,,,,,
0,90.918,41.506,,,,,,,,,,,,,
0,91.521,41.349,,,,,,,,,,,,,
0,91.544,41.346,,,,,,,,,,,,,
0,91.616,41.329,,,,,,,,,,,,,
0,91.943,41.238,,,,,,,,,,,,,
0,92.07,41.198,,,,,,,,,,,,,
0,92.121,41.189,,,,,,,,,,,,,
0,92.28,41.108,,,,,,,,,,,,,
0,93.594,40.483,,,,,,,,,,,,,
0,93.824,40.356,,,,,,,,,,,,,
0,93.938,40.284,,,,,,,,,,,,,
0,94.045,40.213,,,,,,,,,,,,,
0,94.09,40.181,,,,,,,,,,,,,
0,94.144,40.159,,,,,,,,,,,,,
0,94.611,39.963,,,,,,,,,,,,,
0,95.105,39.57,,,,,,,,,,,,,
0,95.386,39.365,,,,,,,,,,,,,
0,95.654,39.246,,,,,,,,,,,,,
0,95.872,39.1,,,,,,,,,,,,,
0,96.398,38.829,,,,,,,,,,,,,
0,96.606,38.684,,,,,,,,,,,,,
0,96.784,38.582,,,,,,,,,,,,,
0,96.818,38.564,,,,,,,,,,,,,
0,97.06,38.458,,,,,,,,,,,,,
0,97.164,38.398,,,,,,,,,,,,,
0,97.192,38.401,,,,,,,,,,,,,
0,97.286,38.34,,,,,,,,,,,,,
0,97.364,38.287,,,,,,,,,,,,,
0,97.516,38.2,,,,,,,,,,,,,
0,97.644,38.126,,,,,,,,,,,,,
0,97.697,38.094,,,,,,,,,,,,,
0,97.751,38.053,,,,,,,,,,,,,
0,97.986,37.896,,,,,,,,,,,,,
0,98.185,37.779,,,,,,,,,,,,,
0,98.309,37.753,,,,,,,,,,,,,
0,98.438,37.725,,,,,,,,,,,,,
0,98.644,37.647,,,,,,,,,,,,,
0,98.751,37.606,,,,,,,,,,,,,
0,99.186,37.502,,,,,,,,,,,,,
0,99.268,37.482,,,,,,,,,,,,,
0,99.572,37.414,,,,,,,,,,,,,
0,99.752,37.351,,,,,,,,,,,,,
0,99.824,37.332,,,,,,,,,,,,,
0,100.023,37.269,,,,,,,,,,,,,
0,100.253,37.19,,,,,,,,,,,,,
0,100.91,36.97,,,,,,,,,,,,,
0,101.234,36.881,,,,,,,,,,,,,
0,101.313,36.858,,,,,,,,,,,,,
0,101.491,36.783,,,,,,,,,,,,,
0,101.537,36.767,,,,,,,,,,,,,
0,101.652,36.762,,,,,,,,,,,,,
0,101.814,36.764,,,,,,,,,,,,,
0,102.431,36.779,,,,,,,,,,,,,
0,102.439,36.779,,,,,,,,,,,,,
0,102.502,36.774,,,,,,,,,,,,,
0,102.688,36.753,,,,,,,,,,,,,
0,102.799,36.755,,,,,,,,,,,,,
0,102.869,36.761,,,,,,,,,,,,,
0,103.053,36.773,,,,,,,,,,,,,
0,103.447,36.794,,,,,,,,,,,,,
0,103.606,36.805,,,,,,,,,,,,,
0,103.894,36.807,,,,,,,,,,,,,
0,104.591,36.804,,,,,,,,,,,,,
0,105.04,36.773,,,,,,,,,,,,,
0,105.238,36.753,,,,,,,,,,,,,
0,105.585,36.75,,,,,,,,,,,,,
0,105.78,36.75,,,,,,,,,,,,,
0,106.144,36.764,,,,,,,,,,,,,
0,106.751,36.775,,,,,,,,,,,,,
0,107.443,36.767,,,,,,,,,,,,,
0,107.806,36.771,,,,,,,,,,,,,
0,107.909,36.78,,,,,,,,,,,,,
0,108.167,36.828,,,,,,,,,,,,,
0,108.401,36.844,,,,,,,,,,,,,
0,108.544,36.844,,,,,,,,,,,,,
0,108.839,36.854,,,,,,,,,,,,,
0,108.989,36.854,,,,,,,,,,,,,
0,109.219,36.858,,,,,,,,,,,,,
0,109.633,36.906,,,,,,,,,,,,,
0,110.057,36.934,,,,,,,,,,,,,
0,110.371,36.92,,,,,,,,,,,,,
0,110.676,36.957,,,,,,,,,,,,,
0,110.951,36.967,,,,,,,,,,,,,
0,111.29,36.957,,,,,,,,,,,,,
0,111.575,36.907,,,,,,,,,,,,,
0,111.781,36.879,,,,,,,,,,,,,
0,111.843,36.865,,,,,,,,,,,,,
0,111.972,36.843,,,,,,,,,,,,,
0,112.161,36.804,,,,,,,,,,,,,
0,112.311,36.777,,,,,,,,,,,,,
0,112.36,36.759,,,,,,,,,,,,,
0,112.403,36.748,,,,,,,,,,,,,
0,112.474,36.724,,,,,,,,,,,,,
0,112.947,36.585,,,,,,,,,,,,,
0,112.998,36.579,,,,,,,,,,,,,
0,113.212,36.503,,,,,,,,,,,,,
0,113.456,36.428,,,,,,,,,,,,,
0,113.526,36.412,,,,,,,,,,,,,
0,113.983,36.319,,,,,,,,,,,,,
0,114.062,36.304,,,,,,,,,,,,,
0,114.096,36.292,,,,,,,,,,,,,
0,114.161,36.263,,,,,,,,,,,,,
0,114.344,36.209,,,,,,,,,,,,,
0,114.486,36.178,,,,,,,,,,,,,
0,114.535,36.172,,,,,,,,,,,,,
0,114.612,36.174,,,,,,,,,,,,,
0,114.703,36.178,,,,,,,,,,,,,
0,114.85,36.175,,,,,,,,,,,,,
0,114.885,36.181,,,,,,,,,,,,,
0,114.945,36.166,,,,,,,,,,,,,
0,115.104,36.159,,,,,,,,,,,,,
0,115.811,36.018,,,,,,,,,,,,,
0,115.92,35.993,,,,,,,,,,,,,
0,116.023,35.971,,,,,,,,,,,,,
0,116.126,35.933,,,,,,,,,,,,,
0,116.552,35.761,,,,,,,,,,,,,
0,117.192,35.366,,,,,,,,,,,,,
2,117.486,35.288,,,,,,,,,,,,,
12,117.486,35.288,,,,,,,,,,,,,
2,117.486,35.288,,,,,,,,,,,,,
0,117.889,35.18,,,,,,,,,,,,,
0,118.707,34.905,,,,,,,,,,,,,
0,119.85,34.42,,,,,,,,,,,,,
0,119.985,34.365,,,,,,,,,,,,,
0,120.041,34.335,,,,,,,,,,,,,
0,120.06,34.325,,,,,,,,,,,,,
0,120.133,34.307,,,,,,,,,,,,,
0,120.218,34.28,,,,,,,,,,,,,
0,120.465,34.242,,,,,,,,,,,,,
0,120.655,34.253,,,,,,,,,,,,,
0,120.76,34.259,,,,,,,,,,,,,
0,120.785,34.26,,,,,,,,,,,,,
0,120.832,34.258,,,,,,,,,,,,,
0,121.541,34.247,,,,,,,,,,,,,
0,121.779,34.227,,,,,,,,,,,,,
0,122.076,34.237,,,,,,,,,,,,,
0,122.137,34.233,,,,,,,,,,,,,
0,122.203,34.234,,,,,,,,,,,,,
0,122.276,34.24,,,,,,,,,,,,,
0,122.504,34.259,,,,,,,,,,,,,
0,122.541,34.261,,,,,,,,,,,,,
0,122.894,34.273,,,,,,,,,,,,,
0,123.025,34.274,,,,,,,,,,,,,
0,123.607,34.247,,,,,,,,,,,,,
0,124.08,34.226,,,,,,,,,,,,,
0,124.281,34.227,,,,,,,,,,,,,
0,124.794,34.228,,,,,,,,,,,,,
0,125.377,34.226,,,,,,,,,,,,,
0,125.625,34.223,,,,,,,,,,,,,
0,125.854,34.22,,,,,,,,,,,,,
0,126.163,34.223,,,,,,,,,,,,,
0,126.329,34.2,,,,,,,,,,,,,
0,126.577,34.144,,,,,,,,,,,,,
0,127.16,34.112,,,,,,,,,,,,,
0,127.939,34.021,,,,,,,,,,,,,
0,128.052,34.022,,,,,,,,,,,,,
0,128.353,34.065,,,,,,,,,,,,,
0,128.467,34.085,,,,,,,,,,,,,
0,128.609,34.083,,,,,,,,,,,,,
0,128.673,34.086,,,,,,,,,,,,,
0,129.211,34.13,,,,,,,,,,,,,
0,129.564,34.141,,,,,,,,,,,,,
0,129.856,34.129,,,,,,,,,,,,,
0,130.201,34.139,,,,,,,,,,,,,
0,130.989,34.138,,,,,,,,,,,,,
0,131.188,34.149,,,,,,,,,,,,,
0,131.262,34.156,,,,,,,,,,,,,
0,131.563,34.185,,,,,,,,,,,,,
0,132.174,34.119,,,,,,,,,,,,,
0,132.613,34.097,,,,,,,,,,,,,
0,132.672,34.1,,,,,,,,,,,,,
0,132.746,34.108,,,,,,,,,,,,,
0,132.923,34.127,,,,,,,,,,,,,
0,133.533,34.222,,,,,,,,,,,,,
0,134.042,34.3,,,,,,,,,,,,,
0,134.136,34.295,,,,,,,,,,,,,
0,134.168,34.297,,,,,,,,,,,,,
0,134.951,34.25,,,,,,,,,,,,,
0,135.224,34.285,,,,,,,,,,,,,
0,135.313,34.298,,,,,,,,,,,,,
0,135.476,34.289,,,,,,,,,,,,,
0,135.597,34.28,,,,,,,,,,,,,
0,136.099,34.241,,,,,,,,,,,,,
0,136.103,34.241,,,,,,,,,,,,,
0,136.118,34.242,,,,,,,,,,,,,
0,136.524,34.281,,,,,,,,,,,,,
0,137.081,34.251,,,,,,,,,,,,,
0,137.106,34.25,,,,,,,,,,,,,
0,137.107,34.25,,,,,,,,,,,,,
0,137.118,34.25,,,,,,,,,,,,,
0,137.741,34.27,,,,,,,,,,,,,
0,137.87,34.261,,,,,,,,,,,,,
0,138.252,34.23,,,,,,,,,,,,,
0,138.586,34.224,,,,,,,,,,,,,
0,138.954,34.257,,,,,,,,,,,,,
0,139.75,34.366,,,,,,,,,,,,,
0,139.786,34.372,,,,,,,,,,,,,
0,140.009,34.389,,,,,,,,,,,,,
0,140.03,34.39,,,,,,,,,,,,,
0,140.387,34.4,,,,,,,,,,,,,
0,140.614,34.408,,,,,,,,,,,,,
0,140.678,34.412,,,,,,,,,,,,,
0,140.999,34.551,,,,,,,,,,,,,
0,141.382,34.683,,,,,,,,,,,,,
0,141.714,34.751,,,,,,,,,,,,,
0,142.078,34.831,,,,,,,,,,,,,
0,142.404,34.885,,,,,,,,,,,,,
0,142.447,34.891,,,,,,,,,,,,,
0,142.552,34.906,,,,,,,,,,,,,
0,142.639,34.932,,,,,,,,,,,,,
0,142.682,34.94,,,,,,,,,,,,,
0,142.831,35.02,,,,,,,,,,,,,
0,142.832,35.02,,,,,,,,,,,,,
0,142.846,35.025,,,,,,,,,,,,,
0,143.08,35.106,,,,,,,,,,,,,
0,143.094,35.113,,,,,,,,,,,,,
0,143.102,35.114,,,,,,,,,,,,,
0,143.275,35.171,,,,,,,,,,,,,
0,143.353,35.18,,,,,,,,,,,,,
0,143.415,35.19,,,,,,,,,,,,,
0,143.438,35.191,,,,,,,,,,,,,
0,143.694,35.207,,,,,,,,,,,,,
0,143.707,35.205,,,,,,,,,,,,,
0,143.84,35.212,,,,,,,,,,,,,
0,144.136,35.218,,,,,,,,,,,,,
0,144.157,35.22,,,,,,,,,,,,,
0,144.193,35.222,,,,,,,,,,,,,
0,144.249,35.231,,,,,,,,,,,,,
0,144.802,35.319,,,,,,,,,,,,,
0,145.057,35.337,,,,,,,,,,,,,
0,145.165,35.34,,,,,,,,,,,,,
0,145.341,35.356,,,,,,,,,,,,,
0,145.482,35.354,,,,,,,,,,,,,
0,145.764,35.354,,,,,,,,,,,,,
0,145.905,35.35,,,,,,,,,,,,,
0,146.093,35.356,,,,,,,,,,,,,
0,146.309,35.362,,,,,,,,,,,,,
0,146.572,35.373,,,,,,,,,,,,,
0,146.701,35.395,,,,,,,,,,,,,
0,146.861,35.411,,,,,,,,,,,,,
0,146.907,35.415,,,,,,,,,,,,,
0,146.954,35.426,,,,,,,,,,,,,
0,148.345,35.56,,,,,,,,,,,,,
0,148.467,35.567,,,,,,,,,,,,,
0,148.507,35.582,,,,,,,,,,,,,
0,148.559,35.592,,,,,,,,,,,,,
0,148.614,35.598,,,,,,,,,,,,,
0,148.799,35.622,,,,,,,,,,,,,
0,148.807,35.621,,,,,,,,,,,,,
0,148.816,35.623,,,,,,,,,,,,,
0,149.183,35.709,,,,,,,,,,,,,
0,149.192,35.711,,,,,,,,,,,,,
0,149.207,35.713,,,,,,,,,,,,,
0,149.349,35.728,,,,,,,,,,,,,
0,149.902,35.79,,,,,,,,,,,,,
0,149.933,35.791,,,,,,,,,,,,,
0,150.197,35.8,,,,,,,,,,,,,
0,150.295,35.8,,,,,,,,,,,,,
0,150.465,35.794,,,,,,,,,,,,,
0,150.986,35.791,,,,,,,,,,,,,
0,151.064,35.79,,,,,,,,,,,,,
0,151.273,35.772,,,,,,,,,,,,,
0,151.431,35.77,,,,,,,,,,,,,
0,151.503,35.771,,,,,,,,,,,,,
0,151.519,35.768,,,,,,,,,,,,,
0,151.563,35.775,,,,,,,,,,,,,
0,151.761,35.768,,,,,,,,,,,,,
0,152.471,35.765,,,,,,,,,,,,,
0,152.653,35.761,,,,,,,,,,,,,
0,152.712,35.757,,,,,,,,,,,,,
0,152.745,35.75,,,,,,,,,,,,,
0,152.941,35.733,,,,,,,,,,,,,
0,152.982,35.731,,,,,,,,,,,,,
0,152.994,35.733,,,,,,,,,,,,,
0,153.035,35.741,,,,,,,,,,,,,
0,153.185,35.755,,,,,,,,,,,,,
0,153.693,35.8,,,,,,,,,,,,,
0,153.755,35.8,,,,,,,,,,,,,
0,154.232,35.785,,,,,,,,,,,,,
0,154.373,35.775,,,,,,,,,,,,,
0,154.397,35.774,,,,,,,,,,,,,
0,154.576,35.763,,,,,,,,,,,,,
0,154.662,35.757,,,,,,,,,,,,,
0,154.817,35.747,,,,,,,,,,,,,
0,154.84,35.748,,,,,,,,,,,,,
0,154.988,35.74,,,,,,,,,,,,,
0,155.046,35.736,,,,,,,,,,,,,
0,155.46,35.711,,,,,,,,,,,,,
0,155.482,35.709,,,,,,,,,,,,,
0,155.497,35.709,,,,,,,,,,,,,
0,155.781,35.687,,,,,,,,,,,,,
0,155.88,35.687,,,,,,,,,,,,,
0,156.056,35.69,,,,,,,,,,,,,
0,156.072,35.69,,,,,,,,,,,,,
0,156.157,35.694,,,,,,,,,,,,,
0,156.218,35.69,,,,,,,,,,,,,
0,156.464,35.682,,,,,,,,,,,,,
0,156.596,35.67,,,,,,,,,,,,,
0,156.692,35.66,,,,,,,,,,,,,
0,156.764,35.649,,,,,,,,,,,,,
0,156.905,35.625,,,,,,,,,,,,,
0,157.001,35.61,,,,,,,,,,,,,
0,157.227,35.58,,,,,,,,,,,,,
0,157.395,35.552,,,,,,,,,,,,,
0,157.749,35.486,,,,,,,,,,,,,
0,157.827,35.472,,,,,,,,,,,,,
0,157.858,35.469,,,,,,,,,,,,,
0,158.017,35.46,,,,,,,,,,,,,
0,158.091,35.443,,,,,,,,,,,,,
0,158.152,35.439,,,,,,,,,,,,,
0,158.299,35.424,,,,,,,,,,,,,
0,158.478,35.403,,,,,,,,,,,,,
0,158.561,35.388,,,,,,,,,,,,,
0,158.68,35.317,,,,,,,,,,,,,
0,158.844,35.217,,,,,,,,,,,,,
0,159.243,35.16,,,,,,,,,,,,,
0,159.274,35.15,,,,,,,,,,,,,
0,159.287,35.146,,,,,,,,,,,,,
0,159.388,35.116,,,,,,,,,,,,,
0,159.434,35.087,,,,,,,,,,,,,
0,159.938,34.845,,,,,,,,,,,,,
0,160.49,34.641,,,,,,,,,,,,,
0,160.526,34.621,,,,,,,,,,,,,
0,160.611,34.581,,,,,,,,,,,,,
0,160.827,34.454,,,,,,,,,,,,,
0,160.884,34.419,,,,,,,,,,,,,
0,161.073,34.365,,,,,,,,,,,,,
0,161.43,34.227,,,,,,,,,,,,,
0,161.48,34.209,,,,,,,,,,,,,
0,161.484,34.207,,,,,,,,,,,,,
0,161.5,34.204,,,,,,,,,,,,,
0,161.661,34.274,,,,,,,,,,,,,
0,161.725,34.254,,,,,,,,,,,,,
0,162.169,34.032,,,,,,,,,,,,,
0,162.48,33.912,,,,,,,,,,,,,
0,162.711,33.847,,,,,,,,,,,,,
0,162.934,33.764,,,,,,,,,,,,,
0,163.013,33.747,,,,,,,,,,,,,
0,163.498,33.647,,,,,,,,,,,,,
0,163.777,33.587,,,,,,,,,,,,,
0,163.813,33.566,,,,,,,,,,,,,
0,163.856,33.539,,,,,,,,,,,,,
0,164.077,33.446,,,,,,,,,,,,,
0,164.629,33.3,,,,,,,,,,,,,
0,164.685,33.283,,,,,,,,,,,,,
0,164.733,33.265,,,,,,,,,,,,,
0,164.748,33.261,,,,,,,,,,,,,
0,165.13,33.125,,,,,,,,,,,,,
0,165.467,33.03,,,,,,,,,,,,,
0,165.566,33.001,,,,,,,,,,,,,
0,165.74,32.957,,,,,,,,,,,,,
0,165.944,32.916,,,,,,,,,,,,,
0,166.187,32.866,,,,,,,,,,,,,
0,166.389,32.823,,,,,,,,,,,,,
0,166.601,32.735,,,,,,,,,,,,,
0,167.104,32.579,,,,,,,,,,,,,
0,167.972,32.4,,,,,,,,,,,,,
0,168.002,32.387,,,,,,,,,,,,,
0,168.137,32.354,,,,,,,,,,,,,
0,168.426,32.3,,,,,,,,,,,,,
0,168.626,32.271,,,,,,,,,,,,,
0,168.747,32.261,,,,,,,,,,,,,
0,169.102,32.277,,,,,,,,,,,,,
0,169.166,32.286,,,,,,,,,,,,,
0,169.297,32.278,,,,,,,,,,,,,
0,169.827,32.235,,,,,,,,,,,,,
0,170.632,32.216,,,,,,,,,,,,,
0,170.868,32.239,,,,,,,,,,,,,
0,172.039,32.023,,,,,,,,,,,,,
0,172.248,31.99,,,,,,,,,,,,,
0,172.287,32,,,,,,,,,,,,,
27,172.478,32.33,,,,,,,,,,,,,
0,172.976,33.19,,,,,,,,,,,,,
0,174.558,35.331,,,,,,,,,,,,,
0,175.002,35.752,,,,,,,,,,,,,
0,175.989,37.386,,,,,,,,,,,,,
0,176.156,37.705,,,,,,,,,,,,,
0,176.434,37.841,,,,,,,,,,,,,
0,176.774,38.092,,,,,,,,,,,,,
0,176.894,38.232,,,,,,,,,,,,,
0,177.324,38.779,,,,,,,,,,,,,
0,177.491,38.933,,,,,,,,,,,,,
0,177.605,39.013,,,,,,,,,,,,,
0,177.841,39.122,,,,,,,,,,,,,
0,177.993,39.162,,,,,,,,,,,,,
0,178.266,39.333,,,,,,,,,,,,,
0,178.278,39.34,,,,,,,,,,,,,
0,178.348,39.401,,,,,,,,,,,,,
27,178.67,39.648,,,,,,,,,,,,,
0,178.744,39.705,,,,,,,,,,,,,
0,178.8,39.746,,,,,,,,,,,,,
0,178.834,39.774,,,,,,,,,,,,,
0,178.887,39.831,,,,,,,,,,,,,
0,179.062,39.972,,,,,,,,,,,,,
0,179.363,40.202,,,,,,,,,,,,,
0,180.06,41.472,,,,,,,,,,,,,
0,180.09,41.521,,,,,,,,,,,,,
0,180.101,41.536,,,,,,,,,,,,,
0,180.141,41.579,,,,,,,,,,,,,
0,180.424,41.895,,,,,,,,,,,,,
0,180.527,41.942,,,,,,,,,,,,,
0,180.75,41.98,,,,,,,,,,,,,
18,180.979,41.954,,,,,,,,,,,,,
0,180.984,41.968,,,,,,,,,,,,,
2,181.01,41.976,,,,,,,,,,,,,
2,181.01,41.976,,,,,,,,,,,,,
0,181.021,41.976,,,,,,,,,,,,,
0,181.042,41.971,,,,,,,,,,,,,
0,181.384,41.97,,,,,,,,,,,,,
0,181.454,41.991,,,,,,,,,,,,,
0,181.977,42.047,,,,,,,,,,,,,
0,181.998,42.049,,,,,,,,,,,,,
0,182.016,42.051,,,,,,,,,,,,,
0,182.196,42.109,,,,,,,,,,,,,
0,182.459,42.162,,,,,,,,,,,,,
0,182.591,42.229,,,,,,,,,,,,,
0,182.649,42.249,,,,,,,,,,,,,
0,182.724,42.286,,,,,,,,,,,,,
0,183.949,43.24,,,,,,,,,,,,,
0,184.183,43.401,,,,,,,,,,,,,
0,184.283,43.444,,,,,,,,,,,,,
0,184.655,43.588,,,,,,,,,,,,,
0,184.703,43.615,,,,,,,,,,,,,
0,184.79,43.636,,,,,,,,,,,,,
0,185.039,43.608,,,,,,,,,,,,,
0,185.35,43.672,,,,,,,,,,,,,
0,185.448,43.68,,,,,,,,,,,,,
0,186.206,43.882,,,,,,,,,,,,,
0,186.466,43.909,,,,,,,,,,,,,
0,186.593,43.953,,,,,,,,,,,,,
0,186.641,43.961,,,,,,,,,,,,,
0,186.93,44.007,,,,,,,,,,,,,
0,187.474,44.057,,,,,,,,,,,,,
0,187.756,44.098,,,,,,,,,,,,,
0,188.517,44.241,,,,,,,,,,,,,
0,188.889,44.272,,,,,,,,,,,,,
0,189.246,44.246,,,,,,,,,,,,,
0,189.411,44.21,,,,,,,,,,,,,
0,189.446,44.211,,,,,,,,,,,,,
0,190.397,44.149,,,,,,,,,,,,,
0,192.312,44.046,,,,,,,,,,,,,
0,192.535,44.054,,,,,,,,,,,,,
0,193.04,44.05,,,,,,,,,,,,,
9,195.63,44.13,,,,,,,,,,,,,
9,195.87,45,,,,,,,,,,,,,
8,195.87,45,,,,,,,,,,,,,
0,195.92,45,,,,,,,,,,,,,
0,195.92,45.1,,,,,,,,,,,,,
8,196.02,45.1,,,,,,,,,,,,,
0,196.02,45,,,,,,,,,,,,,
0,198.4,44.944,,,,,,,,,,,,,
