37.000 ,194.000 ,46.939 ,42.002 ,0.000 ,0.000 ,1013,999.121 ,999.111 ,999.224 ,999.212 ,0,20210409,8505080001,èØì‡êÏêÖån,èØì‡êÏ    
0,-23.310 ,50.219 ,,,,,,,,,,,,,
0,-23.199 ,50.220 ,,,,,,,,,,,,,
0,-22.433 ,50.035 ,,,,,,,,,,,,,
0,-22.411 ,50.033 ,,,,,,,,,,,,,
0,-22.358 ,50.030 ,,,,,,,,,,,,,
0,-21.681 ,50.020 ,,,,,,,,,,,,,
0,-21.635 ,50.014 ,,,,,,,,,,,,,
0,-21.560 ,50.003 ,,,,,,,,,,,,,
0,-21.273 ,49.935 ,,,,,,,,,,,,,
0,-20.947 ,49.856 ,,,,,,,,,,,,,
0,-20.798 ,49.840 ,,,,,,,,,,,,,
0,-20.291 ,49.840 ,,,,,,,,,,,,,
0,-20.160 ,49.826 ,,,,,,,,,,,,,
0,-19.787 ,49.838 ,,,,,,,,,,,,,
0,-19.504 ,49.826 ,,,,,,,,,,,,,
0,-18.920 ,49.715 ,,,,,,,,,,,,,
0,-18.743 ,49.690 ,,,,,,,,,,,,,
0,-18.361 ,49.690 ,,,,,,,,,,,,,
0,-17.673 ,49.639 ,,,,,,,,,,,,,
0,-17.255 ,49.599 ,,,,,,,,,,,,,
0,-17.239 ,49.596 ,,,,,,,,,,,,,
0,-17.056 ,49.561 ,,,,,,,,,,,,,
0,-16.739 ,49.503 ,,,,,,,,,,,,,
0,-16.535 ,49.489 ,,,,,,,,,,,,,
0,-16.483 ,49.481 ,,,,,,,,,,,,,
0,-15.960 ,49.465 ,,,,,,,,,,,,,
0,-15.465 ,49.383 ,,,,,,,,,,,,,
0,-15.414 ,49.374 ,,,,,,,,,,,,,
0,-15.349 ,49.368 ,,,,,,,,,,,,,
0,-15.180 ,49.350 ,,,,,,,,,,,,,
0,-15.032 ,49.320 ,,,,,,,,,,,,,
0,-14.483 ,49.197 ,,,,,,,,,,,,,
0,-14.256 ,49.165 ,,,,,,,,,,,,,
0,-14.051 ,49.153 ,,,,,,,,,,,,,
0,-13.743 ,49.150 ,,,,,,,,,,,,,
0,-13.629 ,49.149 ,,,,,,,,,,,,,
0,-13.539 ,49.122 ,,,,,,,,,,,,,
0,-13.306 ,49.099 ,,,,,,,,,,,,,
0,-13.228 ,49.113 ,,,,,,,,,,,,,
0,-12.983 ,49.109 ,,,,,,,,,,,,,
0,-12.966 ,49.100 ,,,,,,,,,,,,,
0,-12.926 ,49.098 ,,,,,,,,,,,,,
0,-12.709 ,49.090 ,,,,,,,,,,,,,
0,-12.703 ,49.090 ,,,,,,,,,,,,,
0,-12.701 ,49.089 ,,,,,,,,,,,,,
0,-12.198 ,49.057 ,,,,,,,,,,,,,
0,-12.092 ,49.051 ,,,,,,,,,,,,,
0,-11.945 ,49.041 ,,,,,,,,,,,,,
0,-11.771 ,49.006 ,,,,,,,,,,,,,
0,-11.490 ,48.947 ,,,,,,,,,,,,,
0,-11.452 ,48.932 ,,,,,,,,,,,,,
0,-11.309 ,48.895 ,,,,,,,,,,,,,
0,-11.160 ,48.852 ,,,,,,,,,,,,,
0,-11.085 ,48.834 ,,,,,,,,,,,,,
0,-10.701 ,48.782 ,,,,,,,,,,,,,
0,-10.325 ,48.676 ,,,,,,,,,,,,,
0,-9.885 ,48.548 ,,,,,,,,,,,,,
0,-9.822 ,48.528 ,,,,,,,,,,,,,
0,-9.804 ,48.523 ,,,,,,,,,,,,,
0,-9.389 ,48.474 ,,,,,,,,,,,,,
0,-9.274 ,48.421 ,,,,,,,,,,,,,
0,-9.206 ,48.362 ,,,,,,,,,,,,,
0,-8.677 ,48.306 ,,,,,,,,,,,,,
0,-8.652 ,48.304 ,,,,,,,,,,,,,
0,-8.651 ,48.303 ,,,,,,,,,,,,,
0,-8.645 ,48.302 ,,,,,,,,,,,,,
0,-8.318 ,48.224 ,,,,,,,,,,,,,
0,-8.124 ,48.154 ,,,,,,,,,,,,,
0,-7.909 ,48.098 ,,,,,,,,,,,,,
0,-7.799 ,48.071 ,,,,,,,,,,,,,
0,-7.569 ,48.061 ,,,,,,,,,,,,,
0,-7.432 ,48.073 ,,,,,,,,,,,,,
0,-7.367 ,48.073 ,,,,,,,,,,,,,
0,-7.277 ,48.076 ,,,,,,,,,,,,,
0,-7.099 ,48.066 ,,,,,,,,,,,,,
0,-6.777 ,48.071 ,,,,,,,,,,,,,
0,-6.468 ,47.922 ,,,,,,,,,,,,,
0,-6.245 ,47.832 ,,,,,,,,,,,,,
0,-5.499 ,47.866 ,,,,,,,,,,,,,
0,-4.936 ,47.789 ,,,,,,,,,,,,,
0,-4.664 ,47.765 ,,,,,,,,,,,,,
0,-4.394 ,47.727 ,,,,,,,,,,,,,
0,-3.797 ,47.604 ,,,,,,,,,,,,,
0,-3.727 ,47.576 ,,,,,,,,,,,,,
0,-3.383 ,47.504 ,,,,,,,,,,,,,
0,-2.781 ,47.370 ,,,,,,,,,,,,,
0,-1.892 ,46.943 ,,,,,,,,,,,,,
0,-1.513 ,46.827 ,,,,,,,,,,,,,
0,-1.060 ,46.688 ,,,,,,,,,,,,,
0,-1.003 ,46.695 ,,,,,,,,,,,,,
0,-0.775 ,46.619 ,,,,,,,,,,,,,
0,-0.550 ,46.570 ,,,,,,,,,,,,,
0,-0.427 ,46.517 ,,,,,,,,,,,,,
0,-0.200 ,46.454 ,,,,,,,,,,,,,
2,0.000 ,46.379 ,,,,,,,,,,,,,
2,0.000 ,46.379 ,,,,,,,,,,,,,
0,0.000 ,46.379 ,,,,,,,,,,,,,
1,0.000 ,46.921 ,,,,,,,,,,,,,
0,0.028 ,46.368 ,,,,,,,,,,,,,
0,1.238 ,45.968 ,,,,,,,,,,,,,
0,1.524 ,45.826 ,,,,,,,,,,,,,
0,1.758 ,45.726 ,,,,,,,,,,,,,
0,1.872 ,45.662 ,,,,,,,,,,,,,
0,2.062 ,45.552 ,,,,,,,,,,,,,
0,2.225 ,45.471 ,,,,,,,,,,,,,
0,2.447 ,45.406 ,,,,,,,,,,,,,
0,2.627 ,45.380 ,,,,,,,,,,,,,
0,2.759 ,45.359 ,,,,,,,,,,,,,
0,2.918 ,45.311 ,,,,,,,,,,,,,
0,3.121 ,45.276 ,,,,,,,,,,,,,
0,3.498 ,45.195 ,,,,,,,,,,,,,
0,3.906 ,45.078 ,,,,,,,,,,,,,
0,3.969 ,45.055 ,,,,,,,,,,,,,
0,3.980 ,45.052 ,,,,,,,,,,,,,
0,4.987 ,44.811 ,,,,,,,,,,,,,
0,5.167 ,44.780 ,,,,,,,,,,,,,
0,5.769 ,44.684 ,,,,,,,,,,,,,
0,5.938 ,44.641 ,,,,,,,,,,,,,
0,6.339 ,44.560 ,,,,,,,,,,,,,
0,6.465 ,44.548 ,,,,,,,,,,,,,
0,6.544 ,44.527 ,,,,,,,,,,,,,
0,6.745 ,44.475 ,,,,,,,,,,,,,
0,6.765 ,44.469 ,,,,,,,,,,,,,
0,6.779 ,44.467 ,,,,,,,,,,,,,
0,6.825 ,44.458 ,,,,,,,,,,,,,
0,7.677 ,44.317 ,,,,,,,,,,,,,
0,7.840 ,44.301 ,,,,,,,,,,,,,
0,8.247 ,44.223 ,,,,,,,,,,,,,
0,8.382 ,44.215 ,,,,,,,,,,,,,
0,8.432 ,44.208 ,,,,,,,,,,,,,
0,8.636 ,44.179 ,,,,,,,,,,,,,
0,9.039 ,44.179 ,,,,,,,,,,,,,
0,9.161 ,44.160 ,,,,,,,,,,,,,
0,9.267 ,44.114 ,,,,,,,,,,,,,
0,9.506 ,44.075 ,,,,,,,,,,,,,
0,9.643 ,44.042 ,,,,,,,,,,,,,
0,9.770 ,43.997 ,,,,,,,,,,,,,
0,9.943 ,43.976 ,,,,,,,,,,,,,
0,10.169 ,43.961 ,,,,,,,,,,,,,
0,10.596 ,43.933 ,,,,,,,,,,,,,
0,10.673 ,43.922 ,,,,,,,,,,,,,
0,10.910 ,43.850 ,,,,,,,,,,,,,
0,11.294 ,43.779 ,,,,,,,,,,,,,
0,11.461 ,43.753 ,,,,,,,,,,,,,
0,11.546 ,43.736 ,,,,,,,,,,,,,
0,11.885 ,43.670 ,,,,,,,,,,,,,
0,12.264 ,43.584 ,,,,,,,,,,,,,
0,12.763 ,43.528 ,,,,,,,,,,,,,
0,12.868 ,43.539 ,,,,,,,,,,,,,
0,13.175 ,43.516 ,,,,,,,,,,,,,
0,13.314 ,43.510 ,,,,,,,,,,,,,
0,13.368 ,43.512 ,,,,,,,,,,,,,
0,13.526 ,43.464 ,,,,,,,,,,,,,
0,13.784 ,43.430 ,,,,,,,,,,,,,
0,13.839 ,43.433 ,,,,,,,,,,,,,
0,14.230 ,43.418 ,,,,,,,,,,,,,
0,14.581 ,43.419 ,,,,,,,,,,,,,
0,14.714 ,43.403 ,,,,,,,,,,,,,
0,14.904 ,43.381 ,,,,,,,,,,,,,
0,15.001 ,43.371 ,,,,,,,,,,,,,
0,15.258 ,43.348 ,,,,,,,,,,,,,
0,15.555 ,43.297 ,,,,,,,,,,,,,
0,15.684 ,43.258 ,,,,,,,,,,,,,
0,15.889 ,43.294 ,,,,,,,,,,,,,
0,16.039 ,43.275 ,,,,,,,,,,,,,
8,17.210 ,43.249 ,,,,,,,,,,,,,
0,17.210 ,43.159 ,,,,,,,,,,,,,
0,17.210 ,43.069 ,,,,,,,,,,,,,
0,19.400 ,43.069 ,,,,,,,,,,,,,
8,21.590 ,43.069 ,,,,,,,,,,,,,
0,21.590 ,43.159 ,,,,,,,,,,,,,
0,21.590 ,43.249 ,,,,,,,,,,,,,
0,23.590 ,43.115 ,,,,,,,,,,,,,
0,24.504 ,42.682 ,,,,,,,,,,,,,
0,24.765 ,42.670 ,,,,,,,,,,,,,
0,25.059 ,42.670 ,,,,,,,,,,,,,
0,25.105 ,42.668 ,,,,,,,,,,,,,
0,25.261 ,42.644 ,,,,,,,,,,,,,
0,25.825 ,42.633 ,,,,,,,,,,,,,
0,25.941 ,42.628 ,,,,,,,,,,,,,
0,26.003 ,42.626 ,,,,,,,,,,,,,
0,26.186 ,42.603 ,,,,,,,,,,,,,
0,26.244 ,42.594 ,,,,,,,,,,,,,
0,26.406 ,42.603 ,,,,,,,,,,,,,
0,26.605 ,42.609 ,,,,,,,,,,,,,
0,26.947 ,42.581 ,,,,,,,,,,,,,
0,27.019 ,42.571 ,,,,,,,,,,,,,
0,27.038 ,42.572 ,,,,,,,,,,,,,
0,27.067 ,42.570 ,,,,,,,,,,,,,
0,27.261 ,42.564 ,,,,,,,,,,,,,
0,27.464 ,42.570 ,,,,,,,,,,,,,
0,27.591 ,42.566 ,,,,,,,,,,,,,
0,27.812 ,42.553 ,,,,,,,,,,,,,
0,27.845 ,42.550 ,,,,,,,,,,,,,
0,27.882 ,42.546 ,,,,,,,,,,,,,
0,28.116 ,42.522 ,,,,,,,,,,,,,
0,28.607 ,42.520 ,,,,,,,,,,,,,
0,28.613 ,42.520 ,,,,,,,,,,,,,
0,28.630 ,42.519 ,,,,,,,,,,,,,
0,28.888 ,42.505 ,,,,,,,,,,,,,
0,28.971 ,42.500 ,,,,,,,,,,,,,
0,28.977 ,42.500 ,,,,,,,,,,,,,
0,28.982 ,42.499 ,,,,,,,,,,,,,
0,29.087 ,42.489 ,,,,,,,,,,,,,
0,29.387 ,42.466 ,,,,,,,,,,,,,
0,29.618 ,42.456 ,,,,,,,,,,,,,
0,29.714 ,42.457 ,,,,,,,,,,,,,
0,29.850 ,42.450 ,,,,,,,,,,,,,
0,30.014 ,42.454 ,,,,,,,,,,,,,
0,30.256 ,42.441 ,,,,,,,,,,,,,
0,30.422 ,42.434 ,,,,,,,,,,,,,
0,30.651 ,42.436 ,,,,,,,,,,,,,
0,30.734 ,42.440 ,,,,,,,,,,,,,
0,30.756 ,42.438 ,,,,,,,,,,,,,
0,30.794 ,42.439 ,,,,,,,,,,,,,
0,31.226 ,42.420 ,,,,,,,,,,,,,
0,31.328 ,42.420 ,,,,,,,,,,,,,
0,31.510 ,42.427 ,,,,,,,,,,,,,
0,31.557 ,42.429 ,,,,,,,,,,,,,
0,31.692 ,42.420 ,,,,,,,,,,,,,
0,31.847 ,42.410 ,,,,,,,,,,,,,
0,32.013 ,42.397 ,,,,,,,,,,,,,
0,32.132 ,42.384 ,,,,,,,,,,,,,
0,32.288 ,42.375 ,,,,,,,,,,,,,
0,32.670 ,42.364 ,,,,,,,,,,,,,
0,33.074 ,42.362 ,,,,,,,,,,,,,
0,33.217 ,42.350 ,,,,,,,,,,,,,
0,33.222 ,42.350 ,,,,,,,,,,,,,
0,33.550 ,42.340 ,,,,,,,,,,,,,
0,33.771 ,42.340 ,,,,,,,,,,,,,
0,33.826 ,42.342 ,,,,,,,,,,,,,
8,35.170 ,42.339 ,,,,,,,,,,,,,
0,35.170 ,42.169 ,,,,,,,,,,,,,
0,35.170 ,41.999 ,,,,,,,,,,,,,
0,35.295 ,41.999 ,,,,,,,,,,,,,
8,35.420 ,41.999 ,,,,,,,,,,,,,
0,35.420 ,42.169 ,,,,,,,,,,,,,
0,35.420 ,42.339 ,,,,,,,,,,,,,
0,36.436 ,42.316 ,,,,,,,,,,,,,
0,36.687 ,42.328 ,,,,,,,,,,,,,
0,36.751 ,42.327 ,,,,,,,,,,,,,
0,36.828 ,42.328 ,,,,,,,,,,,,,
0,37.116 ,42.339 ,,,,,,,,,,,,,
0,37.148 ,42.340 ,,,,,,,,,,,,,
0,37.154 ,42.340 ,,,,,,,,,,,,,
0,37.174 ,42.340 ,,,,,,,,,,,,,
0,37.549 ,42.346 ,,,,,,,,,,,,,
0,37.641 ,42.339 ,,,,,,,,,,,,,
0,37.776 ,42.356 ,,,,,,,,,,,,,
0,37.855 ,42.362 ,,,,,,,,,,,,,
0,38.118 ,42.370 ,,,,,,,,,,,,,
0,38.161 ,42.371 ,,,,,,,,,,,,,
0,38.189 ,42.370 ,,,,,,,,,,,,,
0,38.574 ,42.378 ,,,,,,,,,,,,,
0,38.762 ,42.388 ,,,,,,,,,,,,,
0,38.812 ,42.390 ,,,,,,,,,,,,,
0,38.960 ,42.395 ,,,,,,,,,,,,,
0,39.154 ,42.400 ,,,,,,,,,,,,,
0,39.233 ,42.396 ,,,,,,,,,,,,,
0,39.430 ,42.395 ,,,,,,,,,,,,,
0,39.627 ,42.404 ,,,,,,,,,,,,,
0,39.648 ,42.404 ,,,,,,,,,,,,,
0,40.098 ,42.400 ,,,,,,,,,,,,,
0,40.118 ,42.400 ,,,,,,,,,,,,,
0,40.123 ,42.400 ,,,,,,,,,,,,,
0,40.132 ,42.402 ,,,,,,,,,,,,,
0,40.464 ,42.466 ,,,,,,,,,,,,,
0,40.532 ,42.472 ,,,,,,,,,,,,,
0,40.811 ,42.469 ,,,,,,,,,,,,,
0,40.841 ,42.470 ,,,,,,,,,,,,,
0,40.876 ,42.470 ,,,,,,,,,,,,,
0,41.092 ,42.479 ,,,,,,,,,,,,,
0,41.304 ,42.479 ,,,,,,,,,,,,,
0,41.323 ,42.479 ,,,,,,,,,,,,,
0,41.495 ,42.486 ,,,,,,,,,,,,,
0,41.774 ,42.506 ,,,,,,,,,,,,,
0,42.053 ,42.502 ,,,,,,,,,,,,,
0,42.125 ,42.502 ,,,,,,,,,,,,,
0,42.237 ,42.506 ,,,,,,,,,,,,,
0,42.503 ,42.523 ,,,,,,,,,,,,,
0,42.800 ,42.530 ,,,,,,,,,,,,,
0,43.002 ,42.530 ,,,,,,,,,,,,,
0,43.111 ,42.539 ,,,,,,,,,,,,,
0,43.253 ,42.549 ,,,,,,,,,,,,,
0,43.460 ,42.563 ,,,,,,,,,,,,,
0,43.675 ,42.568 ,,,,,,,,,,,,,
0,43.725 ,42.572 ,,,,,,,,,,,,,
0,43.739 ,42.573 ,,,,,,,,,,,,,
0,44.090 ,42.589 ,,,,,,,,,,,,,
0,44.400 ,42.588 ,,,,,,,,,,,,,
0,44.450 ,42.591 ,,,,,,,,,,,,,
0,44.509 ,42.595 ,,,,,,,,,,,,,
0,44.531 ,42.596 ,,,,,,,,,,,,,
0,44.872 ,42.604 ,,,,,,,,,,,,,
0,45.099 ,42.616 ,,,,,,,,,,,,,
0,45.207 ,42.633 ,,,,,,,,,,,,,
0,45.474 ,42.631 ,,,,,,,,,,,,,
0,45.486 ,42.632 ,,,,,,,,,,,,,
0,45.729 ,42.631 ,,,,,,,,,,,,,
0,45.749 ,42.630 ,,,,,,,,,,,,,
0,46.124 ,42.635 ,,,,,,,,,,,,,
0,46.501 ,42.659 ,,,,,,,,,,,,,
0,46.512 ,42.660 ,,,,,,,,,,,,,
0,47.013 ,42.651 ,,,,,,,,,,,,,
0,47.075 ,42.651 ,,,,,,,,,,,,,
0,47.390 ,42.650 ,,,,,,,,,,,,,
0,47.606 ,42.652 ,,,,,,,,,,,,,
0,47.636 ,42.648 ,,,,,,,,,,,,,
0,47.683 ,42.650 ,,,,,,,,,,,,,
0,47.999 ,42.663 ,,,,,,,,,,,,,
0,48.072 ,42.661 ,,,,,,,,,,,,,
0,48.413 ,42.670 ,,,,,,,,,,,,,
0,48.502 ,42.672 ,,,,,,,,,,,,,
0,48.611 ,42.663 ,,,,,,,,,,,,,
0,48.806 ,42.641 ,,,,,,,,,,,,,
0,48.966 ,42.642 ,,,,,,,,,,,,,
0,49.361 ,42.634 ,,,,,,,,,,,,,
0,49.521 ,42.640 ,,,,,,,,,,,,,
0,49.707 ,42.648 ,,,,,,,,,,,,,
0,49.838 ,42.646 ,,,,,,,,,,,,,
0,50.071 ,42.635 ,,,,,,,,,,,,,
0,50.194 ,42.637 ,,,,,,,,,,,,,
0,50.434 ,42.665 ,,,,,,,,,,,,,
0,50.516 ,42.670 ,,,,,,,,,,,,,
0,50.555 ,42.669 ,,,,,,,,,,,,,
0,50.680 ,42.662 ,,,,,,,,,,,,,
0,50.777 ,42.656 ,,,,,,,,,,,,,
0,50.996 ,42.644 ,,,,,,,,,,,,,
0,51.176 ,42.653 ,,,,,,,,,,,,,
0,51.346 ,42.654 ,,,,,,,,,,,,,
0,51.425 ,42.652 ,,,,,,,,,,,,,
0,51.626 ,42.649 ,,,,,,,,,,,,,
0,51.871 ,42.638 ,,,,,,,,,,,,,
0,52.175 ,42.628 ,,,,,,,,,,,,,
0,52.372 ,42.608 ,,,,,,,,,,,,,
0,52.541 ,42.617 ,,,,,,,,,,,,,
0,52.584 ,42.618 ,,,,,,,,,,,,,
0,52.615 ,42.619 ,,,,,,,,,,,,,
0,52.714 ,42.627 ,,,,,,,,,,,,,
0,52.938 ,42.647 ,,,,,,,,,,,,,
0,53.097 ,42.662 ,,,,,,,,,,,,,
0,53.169 ,42.669 ,,,,,,,,,,,,,
0,53.442 ,42.671 ,,,,,,,,,,,,,
0,53.637 ,42.667 ,,,,,,,,,,,,,
0,53.911 ,42.692 ,,,,,,,,,,,,,
0,54.129 ,42.712 ,,,,,,,,,,,,,
0,54.210 ,42.720 ,,,,,,,,,,,,,
0,54.441 ,42.750 ,,,,,,,,,,,,,
0,54.585 ,42.774 ,,,,,,,,,,,,,
0,54.658 ,42.780 ,,,,,,,,,,,,,
0,54.796 ,42.792 ,,,,,,,,,,,,,
0,55.214 ,42.856 ,,,,,,,,,,,,,
0,55.260 ,42.858 ,,,,,,,,,,,,,
0,55.283 ,42.857 ,,,,,,,,,,,,,
0,55.462 ,42.866 ,,,,,,,,,,,,,
0,55.706 ,42.865 ,,,,,,,,,,,,,
0,55.758 ,42.863 ,,,,,,,,,,,,,
0,55.995 ,42.847 ,,,,,,,,,,,,,
0,56.066 ,42.847 ,,,,,,,,,,,,,
0,56.214 ,42.831 ,,,,,,,,,,,,,
0,56.472 ,42.824 ,,,,,,,,,,,,,
0,56.508 ,42.824 ,,,,,,,,,,,,,
0,56.782 ,42.824 ,,,,,,,,,,,,,
0,56.844 ,42.815 ,,,,,,,,,,,,,
0,56.943 ,42.810 ,,,,,,,,,,,,,
0,57.082 ,42.802 ,,,,,,,,,,,,,
0,57.266 ,42.802 ,,,,,,,,,,,,,
0,57.459 ,42.794 ,,,,,,,,,,,,,
0,57.602 ,42.803 ,,,,,,,,,,,,,
0,57.768 ,42.793 ,,,,,,,,,,,,,
0,57.852 ,42.793 ,,,,,,,,,,,,,
0,57.924 ,42.793 ,,,,,,,,,,,,,
0,58.265 ,42.815 ,,,,,,,,,,,,,
0,58.616 ,42.801 ,,,,,,,,,,,,,
0,58.680 ,42.797 ,,,,,,,,,,,,,
0,58.770 ,42.786 ,,,,,,,,,,,,,
0,58.997 ,42.780 ,,,,,,,,,,,,,
0,59.149 ,42.785 ,,,,,,,,,,,,,
0,59.175 ,42.785 ,,,,,,,,,,,,,
0,59.326 ,42.780 ,,,,,,,,,,,,,
0,59.487 ,42.783 ,,,,,,,,,,,,,
0,59.678 ,42.780 ,,,,,,,,,,,,,
0,59.807 ,42.775 ,,,,,,,,,,,,,
0,60.069 ,42.764 ,,,,,,,,,,,,,
0,60.139 ,42.762 ,,,,,,,,,,,,,
0,60.173 ,42.759 ,,,,,,,,,,,,,
0,60.546 ,42.780 ,,,,,,,,,,,,,
0,60.600 ,42.790 ,,,,,,,,,,,,,
0,60.678 ,42.788 ,,,,,,,,,,,,,
0,60.852 ,42.801 ,,,,,,,,,,,,,
0,61.035 ,42.807 ,,,,,,,,,,,,,
0,61.066 ,42.807 ,,,,,,,,,,,,,
0,61.267 ,42.815 ,,,,,,,,,,,,,
0,61.362 ,42.818 ,,,,,,,,,,,,,
0,61.502 ,42.816 ,,,,,,,,,,,,,
0,61.652 ,42.813 ,,,,,,,,,,,,,
0,61.772 ,42.810 ,,,,,,,,,,,,,
0,61.905 ,42.815 ,,,,,,,,,,,,,
0,62.125 ,42.817 ,,,,,,,,,,,,,
0,62.159 ,42.820 ,,,,,,,,,,,,,
0,62.315 ,42.820 ,,,,,,,,,,,,,
0,62.326 ,42.820 ,,,,,,,,,,,,,
0,62.473 ,42.820 ,,,,,,,,,,,,,
0,62.923 ,42.811 ,,,,,,,,,,,,,
0,62.963 ,42.809 ,,,,,,,,,,,,,
0,63.020 ,42.811 ,,,,,,,,,,,,,
0,63.329 ,42.810 ,,,,,,,,,,,,,
0,63.569 ,42.810 ,,,,,,,,,,,,,
0,63.739 ,42.805 ,,,,,,,,,,,,,
0,63.916 ,42.803 ,,,,,,,,,,,,,
0,64.080 ,42.810 ,,,,,,,,,,,,,
0,64.372 ,42.810 ,,,,,,,,,,,,,
0,64.511 ,42.810 ,,,,,,,,,,,,,
0,64.735 ,42.799 ,,,,,,,,,,,,,
0,64.884 ,42.805 ,,,,,,,,,,,,,
0,65.008 ,42.805 ,,,,,,,,,,,,,
0,65.169 ,42.800 ,,,,,,,,,,,,,
0,65.347 ,42.797 ,,,,,,,,,,,,,
0,65.736 ,42.809 ,,,,,,,,,,,,,
0,65.755 ,42.810 ,,,,,,,,,,,,,
0,66.180 ,42.820 ,,,,,,,,,,,,,
0,66.387 ,42.820 ,,,,,,,,,,,,,
0,66.557 ,42.820 ,,,,,,,,,,,,,
0,66.690 ,42.812 ,,,,,,,,,,,,,
0,66.903 ,42.800 ,,,,,,,,,,,,,
0,67.612 ,42.790 ,,,,,,,,,,,,,
0,67.619 ,42.790 ,,,,,,,,,,,,,
0,67.652 ,42.791 ,,,,,,,,,,,,,
0,67.968 ,42.804 ,,,,,,,,,,,,,
0,68.125 ,42.793 ,,,,,,,,,,,,,
0,68.344 ,42.786 ,,,,,,,,,,,,,
0,68.689 ,42.755 ,,,,,,,,,,,,,
0,68.741 ,42.755 ,,,,,,,,,,,,,
0,68.804 ,42.751 ,,,,,,,,,,,,,
0,69.299 ,42.789 ,,,,,,,,,,,,,
0,69.332 ,42.791 ,,,,,,,,,,,,,
0,69.344 ,42.790 ,,,,,,,,,,,,,
0,69.538 ,42.788 ,,,,,,,,,,,,,
0,69.847 ,42.788 ,,,,,,,,,,,,,
0,69.906 ,42.795 ,,,,,,,,,,,,,
0,70.024 ,42.797 ,,,,,,,,,,,,,
0,70.285 ,42.790 ,,,,,,,,,,,,,
0,70.486 ,42.785 ,,,,,,,,,,,,,
0,70.607 ,42.780 ,,,,,,,,,,,,,
0,70.813 ,42.772 ,,,,,,,,,,,,,
0,70.961 ,42.770 ,,,,,,,,,,,,,
0,71.150 ,42.772 ,,,,,,,,,,,,,
0,71.235 ,42.770 ,,,,,,,,,,,,,
0,71.496 ,42.770 ,,,,,,,,,,,,,
0,71.516 ,42.770 ,,,,,,,,,,,,,
0,71.790 ,42.761 ,,,,,,,,,,,,,
0,71.832 ,42.760 ,,,,,,,,,,,,,
0,72.243 ,42.760 ,,,,,,,,,,,,,
0,72.304 ,42.761 ,,,,,,,,,,,,,
0,72.569 ,42.752 ,,,,,,,,,,,,,
0,72.666 ,42.751 ,,,,,,,,,,,,,
0,72.965 ,42.760 ,,,,,,,,,,,,,
0,73.031 ,42.759 ,,,,,,,,,,,,,
0,73.131 ,42.757 ,,,,,,,,,,,,,
0,73.322 ,42.750 ,,,,,,,,,,,,,
0,73.545 ,42.737 ,,,,,,,,,,,,,
0,73.674 ,42.731 ,,,,,,,,,,,,,
0,73.737 ,42.732 ,,,,,,,,,,,,,
0,73.742 ,42.734 ,,,,,,,,,,,,,
0,74.275 ,42.741 ,,,,,,,,,,,,,
0,74.300 ,42.739 ,,,,,,,,,,,,,
0,74.328 ,42.739 ,,,,,,,,,,,,,
0,74.350 ,42.739 ,,,,,,,,,,,,,
0,74.645 ,42.734 ,,,,,,,,,,,,,
0,74.810 ,42.722 ,,,,,,,,,,,,,
0,74.875 ,42.718 ,,,,,,,,,,,,,
0,75.015 ,42.720 ,,,,,,,,,,,,,
0,75.224 ,42.720 ,,,,,,,,,,,,,
0,75.369 ,42.716 ,,,,,,,,,,,,,
0,75.392 ,42.722 ,,,,,,,,,,,,,
0,75.615 ,42.710 ,,,,,,,,,,,,,
0,75.688 ,42.715 ,,,,,,,,,,,,,
0,76.025 ,42.700 ,,,,,,,,,,,,,
0,76.033 ,42.700 ,,,,,,,,,,,,,
0,76.065 ,42.700 ,,,,,,,,,,,,,
0,76.253 ,42.699 ,,,,,,,,,,,,,
0,76.417 ,42.697 ,,,,,,,,,,,,,
0,76.484 ,42.693 ,,,,,,,,,,,,,
0,76.703 ,42.687 ,,,,,,,,,,,,,
0,76.870 ,42.680 ,,,,,,,,,,,,,
0,76.968 ,42.683 ,,,,,,,,,,,,,
0,77.030 ,42.680 ,,,,,,,,,,,,,
0,77.197 ,42.680 ,,,,,,,,,,,,,
0,77.224 ,42.679 ,,,,,,,,,,,,,
0,77.567 ,42.670 ,,,,,,,,,,,,,
0,77.582 ,42.673 ,,,,,,,,,,,,,
0,77.702 ,42.666 ,,,,,,,,,,,,,
0,77.823 ,42.660 ,,,,,,,,,,,,,
0,77.906 ,42.657 ,,,,,,,,,,,,,
0,77.952 ,42.656 ,,,,,,,,,,,,,
0,78.220 ,42.639 ,,,,,,,,,,,,,
0,78.448 ,42.634 ,,,,,,,,,,,,,
0,78.574 ,42.636 ,,,,,,,,,,,,,
0,78.677 ,42.636 ,,,,,,,,,,,,,
0,78.884 ,42.615 ,,,,,,,,,,,,,
0,79.014 ,42.610 ,,,,,,,,,,,,,
0,79.311 ,42.600 ,,,,,,,,,,,,,
0,79.319 ,42.600 ,,,,,,,,,,,,,
0,79.347 ,42.600 ,,,,,,,,,,,,,
0,79.618 ,42.600 ,,,,,,,,,,,,,
0,79.812 ,42.600 ,,,,,,,,,,,,,
0,79.876 ,42.600 ,,,,,,,,,,,,,
0,79.948 ,42.600 ,,,,,,,,,,,,,
0,80.077 ,42.598 ,,,,,,,,,,,,,
0,80.185 ,42.596 ,,,,,,,,,,,,,
0,80.590 ,42.583 ,,,,,,,,,,,,,
0,80.735 ,42.571 ,,,,,,,,,,,,,
0,80.888 ,42.575 ,,,,,,,,,,,,,
0,81.039 ,42.580 ,,,,,,,,,,,,,
0,81.047 ,42.579 ,,,,,,,,,,,,,
0,81.067 ,42.579 ,,,,,,,,,,,,,
0,81.102 ,42.576 ,,,,,,,,,,,,,
0,81.514 ,42.542 ,,,,,,,,,,,,,
0,81.709 ,42.526 ,,,,,,,,,,,,,
0,81.764 ,42.524 ,,,,,,,,,,,,,
0,81.958 ,42.491 ,,,,,,,,,,,,,
0,82.033 ,42.472 ,,,,,,,,,,,,,
0,82.456 ,42.325 ,,,,,,,,,,,,,
0,82.503 ,42.308 ,,,,,,,,,,,,,
0,82.767 ,42.222 ,,,,,,,,,,,,,
0,82.813 ,42.216 ,,,,,,,,,,,,,
0,82.900 ,42.210 ,,,,,,,,,,,,,
0,82.990 ,42.219 ,,,,,,,,,,,,,
0,83.147 ,42.232 ,,,,,,,,,,,,,
0,83.330 ,42.298 ,,,,,,,,,,,,,
0,83.412 ,42.332 ,,,,,,,,,,,,,
0,83.509 ,42.372 ,,,,,,,,,,,,,
0,83.768 ,42.529 ,,,,,,,,,,,,,
0,83.950 ,42.634 ,,,,,,,,,,,,,
0,83.964 ,42.637 ,,,,,,,,,,,,,
0,84.032 ,42.690 ,,,,,,,,,,,,,
0,84.513 ,42.949 ,,,,,,,,,,,,,
0,84.602 ,42.960 ,,,,,,,,,,,,,
0,84.921 ,43.030 ,,,,,,,,,,,,,
0,85.206 ,43.014 ,,,,,,,,,,,,,
0,85.397 ,43.015 ,,,,,,,,,,,,,
0,85.524 ,42.997 ,,,,,,,,,,,,,
0,85.693 ,42.976 ,,,,,,,,,,,,,
0,86.897 ,42.676 ,,,,,,,,,,,,,
0,87.320 ,42.631 ,,,,,,,,,,,,,
0,87.559 ,42.515 ,,,,,,,,,,,,,
0,87.940 ,42.344 ,,,,,,,,,,,,,
0,88.230 ,42.197 ,,,,,,,,,,,,,
0,88.472 ,42.071 ,,,,,,,,,,,,,
0,88.534 ,42.052 ,,,,,,,,,,,,,
0,88.589 ,42.015 ,,,,,,,,,,,,,
0,88.921 ,41.799 ,,,,,,,,,,,,,
0,88.986 ,41.792 ,,,,,,,,,,,,,
0,89.211 ,41.774 ,,,,,,,,,,,,,
0,89.286 ,41.749 ,,,,,,,,,,,,,
0,89.677 ,41.674 ,,,,,,,,,,,,,
0,89.809 ,41.665 ,,,,,,,,,,,,,
0,90.732 ,41.540 ,,,,,,,,,,,,,
0,90.733 ,41.540 ,,,,,,,,,,,,,
0,90.734 ,41.540 ,,,,,,,,,,,,,
0,90.734 ,41.540 ,,,,,,,,,,,,,
0,90.826 ,41.529 ,,,,,,,,,,,,,
0,90.918 ,41.506 ,,,,,,,,,,,,,
0,91.521 ,41.349 ,,,,,,,,,,,,,
0,91.544 ,41.346 ,,,,,,,,,,,,,
0,91.616 ,41.329 ,,,,,,,,,,,,,
0,91.943 ,41.238 ,,,,,,,,,,,,,
0,92.070 ,41.198 ,,,,,,,,,,,,,
0,92.121 ,41.189 ,,,,,,,,,,,,,
0,92.280 ,41.108 ,,,,,,,,,,,,,
0,93.594 ,40.483 ,,,,,,,,,,,,,
0,93.824 ,40.356 ,,,,,,,,,,,,,
0,93.938 ,40.284 ,,,,,,,,,,,,,
0,94.045 ,40.213 ,,,,,,,,,,,,,
0,94.090 ,40.181 ,,,,,,,,,,,,,
0,94.144 ,40.159 ,,,,,,,,,,,,,
0,94.611 ,39.963 ,,,,,,,,,,,,,
0,95.105 ,39.570 ,,,,,,,,,,,,,
0,95.386 ,39.365 ,,,,,,,,,,,,,
0,95.654 ,39.246 ,,,,,,,,,,,,,
0,95.872 ,39.100 ,,,,,,,,,,,,,
0,96.398 ,38.829 ,,,,,,,,,,,,,
0,96.606 ,38.684 ,,,,,,,,,,,,,
0,96.784 ,38.582 ,,,,,,,,,,,,,
0,96.818 ,38.564 ,,,,,,,,,,,,,
0,97.060 ,38.458 ,,,,,,,,,,,,,
0,97.164 ,38.398 ,,,,,,,,,,,,,
0,97.192 ,38.401 ,,,,,,,,,,,,,
0,97.286 ,38.340 ,,,,,,,,,,,,,
0,97.364 ,38.287 ,,,,,,,,,,,,,
0,97.516 ,38.200 ,,,,,,,,,,,,,
0,97.644 ,38.126 ,,,,,,,,,,,,,
0,97.697 ,38.094 ,,,,,,,,,,,,,
0,97.751 ,38.053 ,,,,,,,,,,,,,
0,97.986 ,37.896 ,,,,,,,,,,,,,
0,98.185 ,37.779 ,,,,,,,,,,,,,
0,98.309 ,37.753 ,,,,,,,,,,,,,
0,98.438 ,37.725 ,,,,,,,,,,,,,
0,98.644 ,37.647 ,,,,,,,,,,,,,
0,98.751 ,37.606 ,,,,,,,,,,,,,
0,99.186 ,37.502 ,,,,,,,,,,,,,
0,99.268 ,37.482 ,,,,,,,,,,,,,
0,99.572 ,37.414 ,,,,,,,,,,,,,
0,99.752 ,37.351 ,,,,,,,,,,,,,
0,99.824 ,37.332 ,,,,,,,,,,,,,
0,100.023 ,37.269 ,,,,,,,,,,,,,
0,100.253 ,37.190 ,,,,,,,,,,,,,
0,100.910 ,36.970 ,,,,,,,,,,,,,
0,101.234 ,36.881 ,,,,,,,,,,,,,
0,101.313 ,36.858 ,,,,,,,,,,,,,
0,101.491 ,36.783 ,,,,,,,,,,,,,
0,101.537 ,36.767 ,,,,,,,,,,,,,
0,101.652 ,36.762 ,,,,,,,,,,,,,
0,101.814 ,36.764 ,,,,,,,,,,,,,
0,102.431 ,36.779 ,,,,,,,,,,,,,
0,102.439 ,36.779 ,,,,,,,,,,,,,
0,102.502 ,36.774 ,,,,,,,,,,,,,
0,102.688 ,36.753 ,,,,,,,,,,,,,
0,102.799 ,36.755 ,,,,,,,,,,,,,
0,102.869 ,36.761 ,,,,,,,,,,,,,
0,103.053 ,36.773 ,,,,,,,,,,,,,
0,103.447 ,36.794 ,,,,,,,,,,,,,
0,103.606 ,36.805 ,,,,,,,,,,,,,
0,103.894 ,36.807 ,,,,,,,,,,,,,
0,104.591 ,36.804 ,,,,,,,,,,,,,
0,105.040 ,36.773 ,,,,,,,,,,,,,
0,105.238 ,36.753 ,,,,,,,,,,,,,
0,105.585 ,36.750 ,,,,,,,,,,,,,
0,105.780 ,36.750 ,,,,,,,,,,,,,
0,106.144 ,36.764 ,,,,,,,,,,,,,
0,106.751 ,36.775 ,,,,,,,,,,,,,
0,107.443 ,36.767 ,,,,,,,,,,,,,
0,107.806 ,36.771 ,,,,,,,,,,,,,
0,107.909 ,36.780 ,,,,,,,,,,,,,
0,108.167 ,36.828 ,,,,,,,,,,,,,
0,108.401 ,36.844 ,,,,,,,,,,,,,
0,108.544 ,36.844 ,,,,,,,,,,,,,
0,108.839 ,36.854 ,,,,,,,,,,,,,
0,108.989 ,36.854 ,,,,,,,,,,,,,
0,109.219 ,36.858 ,,,,,,,,,,,,,
0,109.633 ,36.906 ,,,,,,,,,,,,,
0,110.057 ,36.934 ,,,,,,,,,,,,,
0,110.371 ,36.920 ,,,,,,,,,,,,,
0,110.676 ,36.957 ,,,,,,,,,,,,,
0,110.951 ,36.967 ,,,,,,,,,,,,,
0,111.290 ,36.957 ,,,,,,,,,,,,,
0,111.575 ,36.907 ,,,,,,,,,,,,,
0,111.781 ,36.879 ,,,,,,,,,,,,,
0,111.843 ,36.865 ,,,,,,,,,,,,,
0,111.972 ,36.843 ,,,,,,,,,,,,,
0,112.161 ,36.804 ,,,,,,,,,,,,,
0,112.311 ,36.777 ,,,,,,,,,,,,,
0,112.360 ,36.759 ,,,,,,,,,,,,,
0,112.403 ,36.748 ,,,,,,,,,,,,,
0,112.474 ,36.724 ,,,,,,,,,,,,,
0,112.947 ,36.585 ,,,,,,,,,,,,,
0,112.998 ,36.579 ,,,,,,,,,,,,,
0,113.212 ,36.503 ,,,,,,,,,,,,,
0,113.456 ,36.428 ,,,,,,,,,,,,,
0,113.526 ,36.412 ,,,,,,,,,,,,,
0,113.983 ,36.319 ,,,,,,,,,,,,,
0,114.062 ,36.304 ,,,,,,,,,,,,,
0,114.096 ,36.292 ,,,,,,,,,,,,,
0,114.161 ,36.263 ,,,,,,,,,,,,,
0,114.344 ,36.209 ,,,,,,,,,,,,,
0,114.486 ,36.178 ,,,,,,,,,,,,,
0,114.535 ,36.172 ,,,,,,,,,,,,,
0,114.612 ,36.174 ,,,,,,,,,,,,,
0,114.703 ,36.178 ,,,,,,,,,,,,,
0,114.850 ,36.175 ,,,,,,,,,,,,,
0,114.885 ,36.181 ,,,,,,,,,,,,,
0,114.945 ,36.166 ,,,,,,,,,,,,,
0,115.104 ,36.159 ,,,,,,,,,,,,,
0,115.811 ,36.018 ,,,,,,,,,,,,,
0,115.920 ,35.993 ,,,,,,,,,,,,,
0,116.023 ,35.971 ,,,,,,,,,,,,,
0,116.126 ,35.933 ,,,,,,,,,,,,,
0,116.552 ,35.761 ,,,,,,,,,,,,,
0,117.192 ,35.366 ,,,,,,,,,,,,,
2,117.486 ,35.288 ,,,,,,,,,,,,,
12,117.486 ,35.288 ,,,,,,,,,,,,,
2,117.486 ,35.288 ,,,,,,,,,,,,,
0,117.889 ,35.180 ,,,,,,,,,,,,,
0,118.707 ,34.905 ,,,,,,,,,,,,,
0,119.850 ,34.420 ,,,,,,,,,,,,,
0,119.985 ,34.365 ,,,,,,,,,,,,,
0,120.041 ,34.335 ,,,,,,,,,,,,,
0,120.060 ,34.325 ,,,,,,,,,,,,,
0,120.133 ,34.307 ,,,,,,,,,,,,,
0,120.218 ,34.280 ,,,,,,,,,,,,,
0,120.465 ,34.242 ,,,,,,,,,,,,,
0,120.655 ,34.253 ,,,,,,,,,,,,,
0,120.760 ,34.259 ,,,,,,,,,,,,,
0,120.785 ,34.260 ,,,,,,,,,,,,,
0,120.832 ,34.258 ,,,,,,,,,,,,,
0,121.541 ,34.247 ,,,,,,,,,,,,,
0,121.779 ,34.227 ,,,,,,,,,,,,,
0,122.076 ,34.237 ,,,,,,,,,,,,,
0,122.137 ,34.233 ,,,,,,,,,,,,,
0,122.203 ,34.234 ,,,,,,,,,,,,,
0,122.276 ,34.240 ,,,,,,,,,,,,,
0,122.504 ,34.259 ,,,,,,,,,,,,,
0,122.541 ,34.261 ,,,,,,,,,,,,,
0,122.894 ,34.273 ,,,,,,,,,,,,,
0,123.025 ,34.274 ,,,,,,,,,,,,,
0,123.607 ,34.247 ,,,,,,,,,,,,,
0,124.080 ,34.226 ,,,,,,,,,,,,,
0,124.281 ,34.227 ,,,,,,,,,,,,,
0,124.794 ,34.228 ,,,,,,,,,,,,,
0,125.377 ,34.226 ,,,,,,,,,,,,,
0,125.625 ,34.223 ,,,,,,,,,,,,,
0,125.854 ,34.220 ,,,,,,,,,,,,,
0,126.163 ,34.223 ,,,,,,,,,,,,,
0,126.329 ,34.200 ,,,,,,,,,,,,,
0,126.577 ,34.144 ,,,,,,,,,,,,,
0,127.160 ,34.112 ,,,,,,,,,,,,,
0,127.939 ,34.021 ,,,,,,,,,,,,,
0,128.052 ,34.022 ,,,,,,,,,,,,,
0,128.353 ,34.065 ,,,,,,,,,,,,,
0,128.467 ,34.085 ,,,,,,,,,,,,,
0,128.609 ,34.083 ,,,,,,,,,,,,,
0,128.673 ,34.086 ,,,,,,,,,,,,,
0,129.211 ,34.130 ,,,,,,,,,,,,,
0,129.564 ,34.141 ,,,,,,,,,,,,,
0,129.856 ,34.129 ,,,,,,,,,,,,,
0,130.201 ,34.139 ,,,,,,,,,,,,,
0,130.989 ,34.138 ,,,,,,,,,,,,,
0,131.188 ,34.149 ,,,,,,,,,,,,,
0,131.262 ,34.156 ,,,,,,,,,,,,,
0,131.563 ,34.185 ,,,,,,,,,,,,,
0,132.174 ,34.119 ,,,,,,,,,,,,,
0,132.613 ,34.097 ,,,,,,,,,,,,,
0,132.672 ,34.100 ,,,,,,,,,,,,,
0,132.746 ,34.108 ,,,,,,,,,,,,,
0,132.923 ,34.127 ,,,,,,,,,,,,,
0,133.533 ,34.222 ,,,,,,,,,,,,,
0,134.042 ,34.300 ,,,,,,,,,,,,,
0,134.136 ,34.295 ,,,,,,,,,,,,,
0,134.168 ,34.297 ,,,,,,,,,,,,,
0,134.951 ,34.250 ,,,,,,,,,,,,,
0,135.224 ,34.285 ,,,,,,,,,,,,,
0,135.313 ,34.298 ,,,,,,,,,,,,,
0,135.476 ,34.289 ,,,,,,,,,,,,,
0,135.597 ,34.280 ,,,,,,,,,,,,,
0,136.099 ,34.241 ,,,,,,,,,,,,,
0,136.103 ,34.241 ,,,,,,,,,,,,,
0,136.118 ,34.242 ,,,,,,,,,,,,,
0,136.524 ,34.281 ,,,,,,,,,,,,,
0,137.081 ,34.251 ,,,,,,,,,,,,,
0,137.106 ,34.250 ,,,,,,,,,,,,,
0,137.107 ,34.250 ,,,,,,,,,,,,,
0,137.118 ,34.250 ,,,,,,,,,,,,,
0,137.741 ,34.270 ,,,,,,,,,,,,,
0,137.870 ,34.261 ,,,,,,,,,,,,,
0,138.252 ,34.230 ,,,,,,,,,,,,,
0,138.586 ,34.224 ,,,,,,,,,,,,,
0,138.954 ,34.257 ,,,,,,,,,,,,,
0,139.750 ,34.366 ,,,,,,,,,,,,,
0,139.786 ,34.372 ,,,,,,,,,,,,,
0,140.009 ,34.389 ,,,,,,,,,,,,,
0,140.030 ,34.390 ,,,,,,,,,,,,,
0,140.387 ,34.400 ,,,,,,,,,,,,,
0,140.614 ,34.408 ,,,,,,,,,,,,,
0,140.678 ,34.412 ,,,,,,,,,,,,,
0,140.999 ,34.551 ,,,,,,,,,,,,,
0,141.382 ,34.683 ,,,,,,,,,,,,,
0,141.714 ,34.751 ,,,,,,,,,,,,,
0,142.078 ,34.831 ,,,,,,,,,,,,,
0,142.404 ,34.885 ,,,,,,,,,,,,,
0,142.447 ,34.891 ,,,,,,,,,,,,,
0,142.552 ,34.906 ,,,,,,,,,,,,,
0,142.639 ,34.932 ,,,,,,,,,,,,,
0,142.682 ,34.940 ,,,,,,,,,,,,,
0,142.831 ,35.020 ,,,,,,,,,,,,,
0,142.832 ,35.020 ,,,,,,,,,,,,,
0,142.846 ,35.025 ,,,,,,,,,,,,,
0,143.080 ,35.106 ,,,,,,,,,,,,,
0,143.094 ,35.113 ,,,,,,,,,,,,,
0,143.102 ,35.114 ,,,,,,,,,,,,,
0,143.275 ,35.171 ,,,,,,,,,,,,,
0,143.353 ,35.180 ,,,,,,,,,,,,,
0,143.415 ,35.190 ,,,,,,,,,,,,,
0,143.438 ,35.191 ,,,,,,,,,,,,,
0,143.694 ,35.207 ,,,,,,,,,,,,,
0,143.707 ,35.205 ,,,,,,,,,,,,,
0,143.840 ,35.212 ,,,,,,,,,,,,,
0,144.136 ,35.218 ,,,,,,,,,,,,,
0,144.157 ,35.220 ,,,,,,,,,,,,,
0,144.193 ,35.222 ,,,,,,,,,,,,,
0,144.249 ,35.231 ,,,,,,,,,,,,,
0,144.802 ,35.319 ,,,,,,,,,,,,,
0,145.057 ,35.337 ,,,,,,,,,,,,,
0,145.165 ,35.340 ,,,,,,,,,,,,,
0,145.341 ,35.356 ,,,,,,,,,,,,,
0,145.482 ,35.354 ,,,,,,,,,,,,,
0,145.764 ,35.354 ,,,,,,,,,,,,,
0,145.905 ,35.350 ,,,,,,,,,,,,,
0,146.093 ,35.356 ,,,,,,,,,,,,,
0,146.309 ,35.362 ,,,,,,,,,,,,,
0,146.572 ,35.373 ,,,,,,,,,,,,,
0,146.701 ,35.395 ,,,,,,,,,,,,,
0,146.861 ,35.411 ,,,,,,,,,,,,,
0,146.907 ,35.415 ,,,,,,,,,,,,,
0,146.954 ,35.426 ,,,,,,,,,,,,,
0,148.345 ,35.560 ,,,,,,,,,,,,,
0,148.467 ,35.567 ,,,,,,,,,,,,,
0,148.507 ,35.582 ,,,,,,,,,,,,,
0,148.559 ,35.592 ,,,,,,,,,,,,,
0,148.614 ,35.598 ,,,,,,,,,,,,,
0,148.799 ,35.622 ,,,,,,,,,,,,,
0,148.807 ,35.621 ,,,,,,,,,,,,,
0,148.816 ,35.623 ,,,,,,,,,,,,,
0,149.183 ,35.709 ,,,,,,,,,,,,,
0,149.192 ,35.711 ,,,,,,,,,,,,,
0,149.207 ,35.713 ,,,,,,,,,,,,,
0,149.349 ,35.728 ,,,,,,,,,,,,,
0,149.902 ,35.790 ,,,,,,,,,,,,,
0,149.933 ,35.791 ,,,,,,,,,,,,,
0,150.197 ,35.800 ,,,,,,,,,,,,,
0,150.295 ,35.800 ,,,,,,,,,,,,,
0,150.465 ,35.794 ,,,,,,,,,,,,,
0,150.986 ,35.791 ,,,,,,,,,,,,,
0,151.064 ,35.790 ,,,,,,,,,,,,,
0,151.273 ,35.772 ,,,,,,,,,,,,,
0,151.431 ,35.770 ,,,,,,,,,,,,,
0,151.503 ,35.771 ,,,,,,,,,,,,,
0,151.519 ,35.768 ,,,,,,,,,,,,,
0,151.563 ,35.775 ,,,,,,,,,,,,,
0,151.761 ,35.768 ,,,,,,,,,,,,,
0,152.471 ,35.765 ,,,,,,,,,,,,,
0,152.653 ,35.761 ,,,,,,,,,,,,,
0,152.712 ,35.757 ,,,,,,,,,,,,,
0,152.745 ,35.750 ,,,,,,,,,,,,,
0,152.941 ,35.733 ,,,,,,,,,,,,,
0,152.982 ,35.731 ,,,,,,,,,,,,,
0,152.994 ,35.733 ,,,,,,,,,,,,,
0,153.035 ,35.741 ,,,,,,,,,,,,,
0,153.185 ,35.755 ,,,,,,,,,,,,,
0,153.693 ,35.800 ,,,,,,,,,,,,,
0,153.755 ,35.800 ,,,,,,,,,,,,,
0,154.232 ,35.785 ,,,,,,,,,,,,,
0,154.373 ,35.775 ,,,,,,,,,,,,,
0,154.397 ,35.774 ,,,,,,,,,,,,,
0,154.576 ,35.763 ,,,,,,,,,,,,,
0,154.662 ,35.757 ,,,,,,,,,,,,,
0,154.817 ,35.747 ,,,,,,,,,,,,,
0,154.840 ,35.748 ,,,,,,,,,,,,,
0,154.988 ,35.740 ,,,,,,,,,,,,,
0,155.046 ,35.736 ,,,,,,,,,,,,,
0,155.460 ,35.711 ,,,,,,,,,,,,,
0,155.482 ,35.709 ,,,,,,,,,,,,,
0,155.497 ,35.709 ,,,,,,,,,,,,,
0,155.781 ,35.687 ,,,,,,,,,,,,,
0,155.880 ,35.687 ,,,,,,,,,,,,,
0,156.056 ,35.690 ,,,,,,,,,,,,,
0,156.072 ,35.690 ,,,,,,,,,,,,,
0,156.157 ,35.694 ,,,,,,,,,,,,,
0,156.218 ,35.690 ,,,,,,,,,,,,,
0,156.464 ,35.682 ,,,,,,,,,,,,,
0,156.596 ,35.670 ,,,,,,,,,,,,,
0,156.692 ,35.660 ,,,,,,,,,,,,,
0,156.764 ,35.649 ,,,,,,,,,,,,,
0,156.905 ,35.625 ,,,,,,,,,,,,,
0,157.001 ,35.610 ,,,,,,,,,,,,,
0,157.227 ,35.580 ,,,,,,,,,,,,,
0,157.395 ,35.552 ,,,,,,,,,,,,,
0,157.749 ,35.486 ,,,,,,,,,,,,,
0,157.827 ,35.472 ,,,,,,,,,,,,,
0,157.858 ,35.469 ,,,,,,,,,,,,,
0,158.017 ,35.460 ,,,,,,,,,,,,,
0,158.091 ,35.443 ,,,,,,,,,,,,,
0,158.152 ,35.439 ,,,,,,,,,,,,,
0,158.299 ,35.424 ,,,,,,,,,,,,,
0,158.478 ,35.403 ,,,,,,,,,,,,,
0,158.561 ,35.388 ,,,,,,,,,,,,,
0,158.680 ,35.317 ,,,,,,,,,,,,,
0,158.844 ,35.217 ,,,,,,,,,,,,,
0,159.243 ,35.160 ,,,,,,,,,,,,,
0,159.274 ,35.150 ,,,,,,,,,,,,,
0,159.287 ,35.146 ,,,,,,,,,,,,,
0,159.388 ,35.116 ,,,,,,,,,,,,,
0,159.434 ,35.087 ,,,,,,,,,,,,,
0,159.938 ,34.845 ,,,,,,,,,,,,,
0,160.490 ,34.641 ,,,,,,,,,,,,,
0,160.526 ,34.621 ,,,,,,,,,,,,,
0,160.611 ,34.581 ,,,,,,,,,,,,,
0,160.827 ,34.454 ,,,,,,,,,,,,,
0,160.884 ,34.419 ,,,,,,,,,,,,,
0,161.073 ,34.365 ,,,,,,,,,,,,,
0,161.430 ,34.227 ,,,,,,,,,,,,,
0,161.480 ,34.209 ,,,,,,,,,,,,,
0,161.484 ,34.207 ,,,,,,,,,,,,,
0,161.500 ,34.204 ,,,,,,,,,,,,,
0,161.661 ,34.274 ,,,,,,,,,,,,,
0,161.725 ,34.254 ,,,,,,,,,,,,,
0,162.169 ,34.032 ,,,,,,,,,,,,,
0,162.480 ,33.912 ,,,,,,,,,,,,,
0,162.711 ,33.847 ,,,,,,,,,,,,,
0,162.934 ,33.764 ,,,,,,,,,,,,,
0,163.013 ,33.747 ,,,,,,,,,,,,,
0,163.498 ,33.647 ,,,,,,,,,,,,,
0,163.777 ,33.587 ,,,,,,,,,,,,,
0,163.813 ,33.566 ,,,,,,,,,,,,,
0,163.856 ,33.539 ,,,,,,,,,,,,,
0,164.077 ,33.446 ,,,,,,,,,,,,,
0,164.629 ,33.300 ,,,,,,,,,,,,,
0,164.685 ,33.283 ,,,,,,,,,,,,,
0,164.733 ,33.265 ,,,,,,,,,,,,,
0,164.748 ,33.261 ,,,,,,,,,,,,,
0,165.130 ,33.125 ,,,,,,,,,,,,,
0,165.467 ,33.030 ,,,,,,,,,,,,,
0,165.566 ,33.001 ,,,,,,,,,,,,,
0,165.740 ,32.957 ,,,,,,,,,,,,,
0,165.944 ,32.916 ,,,,,,,,,,,,,
0,166.187 ,32.866 ,,,,,,,,,,,,,
0,166.389 ,32.823 ,,,,,,,,,,,,,
0,166.601 ,32.735 ,,,,,,,,,,,,,
0,167.104 ,32.579 ,,,,,,,,,,,,,
0,167.972 ,32.400 ,,,,,,,,,,,,,
0,168.002 ,32.387 ,,,,,,,,,,,,,
0,168.137 ,32.354 ,,,,,,,,,,,,,
0,168.426 ,32.300 ,,,,,,,,,,,,,
0,168.626 ,32.271 ,,,,,,,,,,,,,
0,168.747 ,32.261 ,,,,,,,,,,,,,
0,169.102 ,32.277 ,,,,,,,,,,,,,
0,169.166 ,32.286 ,,,,,,,,,,,,,
0,169.297 ,32.278 ,,,,,,,,,,,,,
0,169.827 ,32.235 ,,,,,,,,,,,,,
0,170.632 ,32.216 ,,,,,,,,,,,,,
0,170.868 ,32.239 ,,,,,,,,,,,,,
0,172.039 ,32.023 ,,,,,,,,,,,,,
0,172.248 ,31.990 ,,,,,,,,,,,,,
0,172.287 ,32.000 ,,,,,,,,,,,,,
27,172.478 ,32.330 ,,,,,,,,,,,,,
0,172.976 ,33.190 ,,,,,,,,,,,,,
0,174.558 ,35.331 ,,,,,,,,,,,,,
0,175.002 ,35.752 ,,,,,,,,,,,,,
0,175.989 ,37.386 ,,,,,,,,,,,,,
0,176.156 ,37.705 ,,,,,,,,,,,,,
0,176.434 ,37.841 ,,,,,,,,,,,,,
0,176.774 ,38.092 ,,,,,,,,,,,,,
0,176.894 ,38.232 ,,,,,,,,,,,,,
0,177.324 ,38.779 ,,,,,,,,,,,,,
0,177.491 ,38.933 ,,,,,,,,,,,,,
0,177.605 ,39.013 ,,,,,,,,,,,,,
0,177.841 ,39.122 ,,,,,,,,,,,,,
0,177.993 ,39.162 ,,,,,,,,,,,,,
0,178.266 ,39.333 ,,,,,,,,,,,,,
0,178.278 ,39.340 ,,,,,,,,,,,,,
0,178.348 ,39.401 ,,,,,,,,,,,,,
27,178.670 ,39.648 ,,,,,,,,,,,,,
0,178.744 ,39.705 ,,,,,,,,,,,,,
0,178.800 ,39.746 ,,,,,,,,,,,,,
0,178.834 ,39.774 ,,,,,,,,,,,,,
0,178.887 ,39.831 ,,,,,,,,,,,,,
0,179.062 ,39.972 ,,,,,,,,,,,,,
0,179.363 ,40.202 ,,,,,,,,,,,,,
0,180.060 ,41.472 ,,,,,,,,,,,,,
0,180.090 ,41.521 ,,,,,,,,,,,,,
0,180.101 ,41.536 ,,,,,,,,,,,,,
0,180.141 ,41.579 ,,,,,,,,,,,,,
0,180.424 ,41.895 ,,,,,,,,,,,,,
0,180.527 ,41.942 ,,,,,,,,,,,,,
0,180.750 ,41.980 ,,,,,,,,,,,,,
18,180.979 ,41.954 ,,,,,,,,,,,,,
0,180.984 ,41.968 ,,,,,,,,,,,,,
2,181.010 ,41.976 ,,,,,,,,,,,,,
2,181.010 ,41.976 ,,,,,,,,,,,,,
0,181.021 ,41.976 ,,,,,,,,,,,,,
0,181.042 ,41.971 ,,,,,,,,,,,,,
0,181.384 ,41.970 ,,,,,,,,,,,,,
0,181.454 ,41.991 ,,,,,,,,,,,,,
0,181.977 ,42.047 ,,,,,,,,,,,,,
0,181.998 ,42.049 ,,,,,,,,,,,,,
0,182.016 ,42.051 ,,,,,,,,,,,,,
0,182.196 ,42.109 ,,,,,,,,,,,,,
0,182.459 ,42.162 ,,,,,,,,,,,,,
0,182.591 ,42.229 ,,,,,,,,,,,,,
0,182.649 ,42.249 ,,,,,,,,,,,,,
0,182.724 ,42.286 ,,,,,,,,,,,,,
0,183.949 ,43.240 ,,,,,,,,,,,,,
0,184.183 ,43.401 ,,,,,,,,,,,,,
0,184.283 ,43.444 ,,,,,,,,,,,,,
0,184.655 ,43.588 ,,,,,,,,,,,,,
0,184.703 ,43.615 ,,,,,,,,,,,,,
0,184.790 ,43.636 ,,,,,,,,,,,,,
0,185.039 ,43.608 ,,,,,,,,,,,,,
0,185.350 ,43.672 ,,,,,,,,,,,,,
0,185.448 ,43.680 ,,,,,,,,,,,,,
0,186.206 ,43.882 ,,,,,,,,,,,,,
0,186.466 ,43.909 ,,,,,,,,,,,,,
0,186.593 ,43.953 ,,,,,,,,,,,,,
0,186.641 ,43.961 ,,,,,,,,,,,,,
0,186.930 ,44.007 ,,,,,,,,,,,,,
0,187.474 ,44.057 ,,,,,,,,,,,,,
0,187.756 ,44.098 ,,,,,,,,,,,,,
0,188.517 ,44.241 ,,,,,,,,,,,,,
0,188.889 ,44.272 ,,,,,,,,,,,,,
0,189.246 ,44.246 ,,,,,,,,,,,,,
0,189.411 ,44.210 ,,,,,,,,,,,,,
0,189.446 ,44.211 ,,,,,,,,,,,,,
0,190.397 ,44.149 ,,,,,,,,,,,,,
0,192.312 ,44.046 ,,,,,,,,,,,,,
0,192.535 ,44.054 ,,,,,,,,,,,,,
0,193.040 ,44.050 ,,,,,,,,,,,,,
9,195.630 ,44.130 ,,,,,,,,,,,,,
9,195.870 ,45.000 ,,,,,,,,,,,,,
8,195.870 ,45.000 ,,,,,,,,,,,,,
0,195.920 ,45.000 ,,,,,,,,,,,,,
0,195.920 ,45.100 ,,,,,,,,,,,,,
8,196.020 ,45.100 ,,,,,,,,,,,,,
0,196.020 ,45.000 ,,,,,,,,,,,,,
0,198.400 ,44.944 ,,,,,,,,,,,,,
